번호,제목,담당부서,등록일,조회수,URL
5261,NEW[청년형] 특화형 매입임대주택(양천구) 입주자 모집 공고(운영기관 : 사단법인 마을과사람),매입주택공급부,2025-11-17,555,https://www.i-sh.co.kr/main/lay2/program/S1T294C295/www/brd/m_241/view.do?seq=296159
5260,NEW[어반허브 서울 스테이션] 청년안심주택 예비1차 입주안내문 및 위임장 양식 게시,용산주거안심종합센터,2025-11-17,56,https://www.i-sh.co.kr/main/lay2/program/S1T294C295/www/brd/m_241/view.do?seq=296171
5259,NEWe편한세상 답십리 아르테포레 단지내 상가 중개알선 수수료 지급 선착순수의계약 분양 공고 종료 알림,정비사업지원부,2025-11-17,57,https://www.i-sh.co.kr/main/lay2/program/S1T294C295/www/brd/m_241/view.do?seq=296164
5258,제44차 장기전세주택(2024.06.27.공고) 예비 6차 입주대상자 발표,미리내집공급부,2025-11-14,3897,https://www.i-sh.co.kr/main/lay2/program/S1T294C295/www/brd/m_241/view.do?seq=296011
5257,행복주택 예비당첨자 게시,공공주택공급부,2025-11-14,2229,https://www.i-sh.co.kr/main/lay2/program/S1T294C295/www/brd/m_241/view.do?seq=296086
5256,2024년 2차 청년안심주택(2024. 7. 26. 공고) 예비6차 당첨자 발표,맞춤주택공급부,2025-11-14,1774,https://www.i-sh.co.kr/main/lay2/program/S1T294C295/www/brd/m_241/view.do?seq=296063
5255,제47차 장기전세주택 입주자 모집 공고(2025.4.30. 공고) 당첨자 및 예비입주자 발표,미리내집공급부,2025-11-14,3519,https://www.i-sh.co.kr/main/lay2/program/S1T294C295/www/brd/m_241/view.do?seq=295906
5254,[당첨자발표] 청년 매입임대주택 입주자모집 예비자 공급 대상자 발표(2024년 1차 예비6차) 및 계약안내,매입주택공급부,2025-11-14,1486,https://www.i-sh.co.kr/main/lay2/program/S1T294C295/www/brd/m_241/view.do?seq=296092
5253,2024년 제1차 국민임대주택(2024.09.26.공고) 예비4차 당첨자 및 동호배정 결과,공공주택공급부,2025-11-14,2091,https://www.i-sh.co.kr/main/lay2/program/S1T294C295/www/brd/m_241/view.do?seq=296088
5252,2021년 제1차 국민임대주택(2021.09.24.공고) 예비18차 당첨자 및 동호배정 결과,공공주택공급부,2025-11-14,950,https://www.i-sh.co.kr/main/lay2/program/S1T294C295/www/brd/m_241/view.do?seq=296087
5251,고덕강일지구(4·6·7·9·11·13·14단지) 및 내곡도시형생활주택 단지 내 상가 분양 입찰 공고,자산운영부,2025-11-14,696,https://www.i-sh.co.kr/main/lay2/program/S1T294C295/www/brd/m_241/view.do?seq=296068
5250,환경영향평가서등 대행 추진계획 및 환경영향평가업자의 사업수행능력 세부평가기준(안) 의견수렴 공고,도시환경부,2025-11-14,101,https://www.i-sh.co.kr/main/lay2/program/S1T294C295/www/brd/m_241/view.do?seq=296109
5249,[용산 남영역 롯데캐슬 헤리티지] 청년안심주택 예비1차 입주안내문 및 위임장 양식 게시,용산주거안심종합센터,2025-11-14,529,https://www.i-sh.co.kr/main/lay2/program/S1T294C295/www/brd/m_241/view.do?seq=296101
5248,[토지지원 사회주택] 유니버설디자인하우스 망우 입주자 모집공고,공공개발금융부,2025-11-14,6450,https://www.i-sh.co.kr/main/lay2/program/S1T294C295/www/brd/m_241/view.do?seq=283662
5247,2025년 제2차 행복주택 입주자 모집공고(2025.6.27.공고) 당첨자 발표일 변경 안내,공공주택공급부,2025-11-13,6734,https://www.i-sh.co.kr/main/lay2/program/S1T294C295/www/brd/m_241/view.do?seq=296077
5246,2025년 영구임대주택 예비입주자 모집 공고,공공주택공급부,2025-11-13,926,https://www.i-sh.co.kr/main/lay2/program/S1T294C295/www/brd/m_241/view.do?seq=295992
5245,개포(구룡마을) 도시개발구역 이주촉진 및 관리용역 정성적 평가 점수표 게시,수탁보상부,2025-11-13,370,https://www.i-sh.co.kr/main/lay2/program/S1T294C295/www/brd/m_241/view.do?seq=296053
5244,[토지임대부 사회주택] 함께주택5호 203호 입주자 모집 공고문,빈집사업부,2025-11-12,4991,https://www.i-sh.co.kr/main/lay2/program/S1T294C295/www/brd/m_241/view.do?seq=296018
5243,위례지구 용지(복합 E1-1) 분양 공고,분양부,2025-11-12,1139,https://www.i-sh.co.kr/main/lay2/program/S1T294C295/www/brd/m_241/view.do?seq=295984
5242,고덕강일지구 및 내곡도시형생활주택 미매각 상가 “중개알선 수수료 지급”에 의한 선착순분양 종료 공고,자산운영부,2025-11-12,341,https://www.i-sh.co.kr/main/lay2/program/S1T294C295/www/brd/m_241/view.do?seq=295965
5241,제안서 평가위원회 결과 공지 [SH공동주택 조경특화모델 개발용역],조경설계부,2025-11-12,111,https://www.i-sh.co.kr/main/lay2/program/S1T294C295/www/brd/m_241/view.do?seq=296021
5240,2025년 재개발임대주택 입주자 모집(2025.10.24.공고) 청약접수 결과안내,공공주택공급부,2025-11-11,15733,https://www.i-sh.co.kr/main/lay2/program/S1T294C295/www/brd/m_241/view.do?seq=295917
5239,2025년 재개발임대주택 입주자 모집(2025.10.24.공고) 접수마감 안내,공공주택공급부,2025-11-11,9639,https://www.i-sh.co.kr/main/lay2/program/S1T294C295/www/brd/m_241/view.do?seq=295914
5238,공사 직원 사칭 피싱(범죄) 주의 안내,청렴윤리부,2025-11-11,3034,https://www.i-sh.co.kr/main/lay2/program/S1T294C295/www/brd/m_241/view.do?seq=295985
5237,(주)온썸 리모델링형 사회주택 어느가족은평 입주자 모집 공고,청년주택부,2025-11-11,786,https://www.i-sh.co.kr/main/lay2/program/S1T294C295/www/brd/m_241/view.do?seq=295963
5236,고덕강일지구 용지 분양 개찰 결과,분양부,2025-11-10,465,https://www.i-sh.co.kr/main/lay2/program/S1T294C295/www/brd/m_241/view.do?seq=295934
5235,e편한세상 답십리 아르테포레 단지내 상가 중개알선 수수료 지급 선착순 수의계약 분양 공고,정비사업지원부,2025-11-10,527,https://www.i-sh.co.kr/main/lay2/program/S1T294C295/www/brd/m_241/view.do?seq=295907
5234,(주)온썸 리모델링형 사회주택 어느가족독산 입주자 모집 공고,청년주택부,2025-11-10,644,https://www.i-sh.co.kr/main/lay2/program/S1T294C295/www/brd/m_241/view.do?seq=295897
5233,송파 창의혁신 공공주택 건설사업 안전점검 수행기관 지정 공고,건설사업부,2025-11-10,280,https://www.i-sh.co.kr/main/lay2/program/S1T294C295/www/brd/m_241/view.do?seq=295930
5232,2025년 빈집활용 건축디자인 공모전 수상작 발표,빈집사업부,2025-11-10,439,https://www.i-sh.co.kr/main/lay2/program/S1T294C295/www/brd/m_241/view.do?seq=295893
5231,제4차 장기전세주택2(2025.4.11.공고) 예비 2차 입주대상자 발표,미리내집공급부,2025-11-07,11152,https://www.i-sh.co.kr/main/lay2/program/S1T294C295/www/brd/m_241/view.do?seq=295823
5230,공익성 추가협의를 위한 열람공고(수서역세권 공공주택지구 훼손지 복구사업),용지보상부,2025-11-07,498,https://www.i-sh.co.kr/main/lay2/program/S1T294C295/www/brd/m_241/view.do?seq=295816
5229,수용재결 신청서류 열람 공고(수서역세권 공공주택지구 훼손지 복구사업),용지보상부,2025-11-06,389,https://www.i-sh.co.kr/main/lay2/program/S1T294C295/www/brd/m_241/view.do?seq=295818
5228,이문아이파크자이[이문3] 주택공개 안내문 게시,동대문주거안심종합센터,2025-11-06,2646,https://www.i-sh.co.kr/main/lay2/program/S1T294C295/www/brd/m_241/view.do?seq=295704
5227,유벤투스240 입주 안내문 게시(사용승인서 포함),관악주거안심종합센터,2025-11-05,1117,https://www.i-sh.co.kr/main/lay2/program/S1T294C295/www/brd/m_241/view.do?seq=295754
5226,면목 행정문화중심 복합타운 중간 및 실시 설계용역 관련 질의답변서 게시,공공설계부,2025-11-05,324,https://www.i-sh.co.kr/main/lay2/program/S1T294C295/www/brd/m_241/view.do?seq=295756
5225,2025년 기존주택 전세임대 입주자 모집공고(2025. 2. 5.) 예비1차 입주대상자 발표,전세주택공급부,2025-10-31,28423,https://www.i-sh.co.kr/main/lay2/program/S1T294C295/www/brd/m_241/view.do?seq=295581
5224,서울주택도시개발공사 법률고문 공개모집 공고,송무부,2025-10-31,932,https://www.i-sh.co.kr/main/lay2/program/S1T294C295/www/brd/m_241/view.do?seq=295570
5223,2025-1차 희망하우징(공공기숙사) 입주자 모집공고(2025. 4. 11.) 예비1차 공급대상자 발표,맞춤주택공급부,2025-10-31,7339,https://www.i-sh.co.kr/main/lay2/program/S1T294C295/www/brd/m_241/view.do?seq=295426
5222,2025년 임차인대표회의 구성지원 활성화 교육 안내(25. 11. 30.(일))(수정),주택관리부,2025-10-31,1684,https://www.i-sh.co.kr/main/lay2/program/S1T294C295/www/brd/m_241/view.do?seq=295540
5221,"[토지지원 사회주택] 경성리츠(미아동 321-4, 374-11) 입주자 모집 공고",공공개발금융부,2025-10-31,29827,https://www.i-sh.co.kr/main/lay2/program/S1T294C295/www/brd/m_241/view.do?seq=291121
5220,2025년 창동 아우르네빌리지 예비2차 당첨자 발표,공공주택공급부,2025-10-30,3243,https://www.i-sh.co.kr/main/lay2/program/S1T294C295/www/brd/m_241/view.do?seq=295469
5219,[청년형] 특화형 매입임대주택(서초구) 입주자 모집 공고(운영기관 : 마을과집 협동조합),매입주택공급부,2025-10-30,3118,https://www.i-sh.co.kr/main/lay2/program/S1T294C295/www/brd/m_241/view.do?seq=295223
5218,『천왕역 모아엘가 트레뷰』 장기전세주택 입주안내문(추가 1차),구로주거안심종합센터,2025-10-30,43,https://www.i-sh.co.kr/main/lay2/program/S1T294C295/www/brd/m_241/view.do?seq=295521
5217,[토지지원 사회주택] 유니버설디자인하우스 창동 입주자 모집공고,공공개발금융부,2025-10-30,6684,https://www.i-sh.co.kr/main/lay2/program/S1T294C295/www/brd/m_241/view.do?seq=292022
5216,[당첨자공고] 다자녀 매입임대 최초 입주자 모집공고(2024.11.22.) 예비4차 입주대상자 발표,매입주택공급부,2025-10-29,3304,https://www.i-sh.co.kr/main/lay2/program/S1T294C295/www/brd/m_241/view.do?seq=295359
5215,[청년형] 특화형 매입임대주택(금천구) 입주자 모집 공고(운영기관 : 한지붕 협동조합),매입주택공급부,2025-10-29,9985,https://www.i-sh.co.kr/main/lay2/program/S1T294C295/www/brd/m_241/view.do?seq=295222
5214,[토지지원 사회주택] 유니버설디자인하우스 화곡 입주자 모집공고,공공개발금융부,2025-10-29,6725,https://www.i-sh.co.kr/main/lay2/program/S1T294C295/www/brd/m_241/view.do?seq=291885
5213,「개포(구룡마을) 도시개발구역 이주촉진 및 관리용역」 서면질의에 대한 회신 공지,수탁보상부,2025-10-28,872,https://www.i-sh.co.kr/main/lay2/program/S1T294C295/www/brd/m_241/view.do?seq=295449
5212,행복주택 예비당첨자 게시,공공주택공급부,2025-10-28,6918,https://www.i-sh.co.kr/main/lay2/program/S1T294C295/www/brd/m_241/view.do?seq=295396
5211,[서류심사대상자] 2025년 하반기 신혼·신생아 매입임대주택 Ⅰ 입주대기자 모집공고(2025. 9. 30.) 서류심사대상자 발표 및 서류제출 안내,매입주택공급부,2025-10-27,15409,https://www.i-sh.co.kr/main/lay2/program/S1T294C295/www/brd/m_241/view.do?seq=295340
5210,[청년형] 특화형 매입임대주택(성북구) 입주자 모집 공고(운영기관 : 사단법인 나눔과미래),매입주택공급부,2025-10-27,2731,https://www.i-sh.co.kr/main/lay2/program/S1T294C295/www/brd/m_241/view.do?seq=295229
5209,장기안심주택 2026년 3월 재계약 대상자 입주자격 심사서류 제출 안내,맞춤주택공급부,2025-10-27,7627,https://www.i-sh.co.kr/main/lay2/program/S1T294C295/www/brd/m_241/view.do?seq=295206
5208,은평지구 공동주택용지 3-13BL 및 단독주택용지 3-2-1(한옥지정구역) 분양 공고,분양부,2025-10-24,6849,https://www.i-sh.co.kr/main/lay2/program/S1T294C295/www/brd/m_241/view.do?seq=295213
5207,2025년 재개발임대주택 입주자 모집공고(2025.10.24.공고),공공주택공급부,2025-10-24,262245,https://www.i-sh.co.kr/main/lay2/program/S1T294C295/www/brd/m_241/view.do?seq=295159
5206,백악관타워 입주안내문 게시,중랑주거안심종합센터,2025-10-24,163,https://www.i-sh.co.kr/main/lay2/program/S1T294C295/www/brd/m_241/view.do?seq=295272
5205,와이센트럴시티(상봉동100) 입주안내문 게시,중랑주거안심종합센터,2025-10-24,160,https://www.i-sh.co.kr/main/lay2/program/S1T294C295/www/brd/m_241/view.do?seq=295270
5204,2025년 공공·주거환경임대주택 입주자 모집공고(2025. 9. 26.공고) 서류심사대상자 발표 및 서류제출 안내,공공주택공급부,2025-10-24,29033,https://www.i-sh.co.kr/main/lay2/program/S1T294C295/www/brd/m_241/view.do?seq=295262
5203,제안서 평가위원회 결과 알림[망월천 지방하천 조성공사 물놀이터 공간제안 및 시설 제작·납품),도시조경부,2025-10-24,241,https://www.i-sh.co.kr/main/lay2/program/S1T294C295/www/brd/m_241/view.do?seq=295266
5202,장기안심주택 2026년 2월 재계약 대상자 입주자격 심사결과,맞춤주택공급부,2025-10-24,6159,https://www.i-sh.co.kr/main/lay2/program/S1T294C295/www/brd/m_241/view.do?seq=295155
5201,2025년 하반기 신혼·신생아 매입임대주택Ⅰ 입주대기자 모집공고(2025. 9. 30.) 최종 청약 경쟁률 게시,매입주택공급부,2025-10-23,7395,https://www.i-sh.co.kr/main/lay2/program/S1T294C295/www/brd/m_241/view.do?seq=295224
5200,2025년 만리동 예술인 협동조합주택 잔여세대 입주자 모집공고(‘25.7.7.공고) 최종심사(조합교육 및 평가) 대상자 발표,맞춤주택공급부,2025-10-23,2576,https://www.i-sh.co.kr/main/lay2/program/S1T294C295/www/brd/m_241/view.do?seq=295076
5199,서울주택도시개발공사 서초주거안심종합센터 휴무안내 (2025.10.28(화)),서초주거안심종합센터,2025-10-23,26,https://www.i-sh.co.kr/main/lay2/program/S1T294C295/www/brd/m_241/view.do?seq=295186
5198,장지 공영차고지 입체화사업 기술제안입찰 사전간담회 개최 안내,입체도시설계부,2025-10-23,235,https://www.i-sh.co.kr/main/lay2/program/S1T294C295/www/brd/m_241/view.do?seq=295183
5197,e편한세상 답십리 아르테포레 단지내 상가 중개알선 수수료 지급 선착순 수의계약 분양 공고 중지 알림,정비사업지원부,2025-10-22,742,https://www.i-sh.co.kr/main/lay2/program/S1T294C295/www/brd/m_241/view.do?seq=295154
5196,2025년 공공·주거환경임대주택 입주자 모집공고(2025.9.26.) 최종 접수결과 및 접수마감 공지,공공주택공급부,2025-10-22,15654,https://www.i-sh.co.kr/main/lay2/program/S1T294C295/www/brd/m_241/view.do?seq=295103
5195,백악관타워(청년안심주택) 예비1차 주택공개 안내문 게시,중랑주거안심종합센터,2025-10-22,101,https://www.i-sh.co.kr/main/lay2/program/S1T294C295/www/brd/m_241/view.do?seq=295160
5194,상봉100(청년안심주택) 예비1차 당첨세대 주택공개 안내문 게시,중랑주거안심종합센터,2025-10-22,76,https://www.i-sh.co.kr/main/lay2/program/S1T294C295/www/brd/m_241/view.do?seq=295158
5193,2025년 공공·주거환경임대주택 입주자 모집공고(2025.9.26.공고) 1순위 접수결과 및 2순위 접수 안내,공공주택공급부,2025-10-21,18303,https://www.i-sh.co.kr/main/lay2/program/S1T294C295/www/brd/m_241/view.do?seq=295045
5192,[변경사항 안내] 2025년 하반기 신혼·신생아 매입임대주택Ⅰ 입주대기자 모집공고(2025. 9. 30.) 자동차가액 기준 변경,매입주택공급부,2025-10-20,8042,https://www.i-sh.co.kr/main/lay2/program/S1T294C295/www/brd/m_241/view.do?seq=295008
5191,2025년 신정도시마을 잔여세대 입주자모집공고(25.09.17.) 서류심사대상자 발표 및 제출서류 안내,맞춤주택공급부,2025-10-20,5332,https://www.i-sh.co.kr/main/lay2/program/S1T294C295/www/brd/m_241/view.do?seq=295039
5190,[세이지움 상봉] 예비1차 당첨자 대상 주택공개 및 사전점검 안내,중랑주거안심종합센터,2025-10-20,123,https://www.i-sh.co.kr/main/lay2/program/S1T294C295/www/brd/m_241/view.do?seq=295029
5189,2025년 지원주택(25.07.25. 공고) 소득자산심사 소명 대상자 발표,매입주택공급부,2025-10-17,6248,https://www.i-sh.co.kr/main/lay2/program/S1T294C295/www/brd/m_241/view.do?seq=294936
5188,2025년 1차 청년안심주택(2025. 4. 9. 공고) 예비1차 당첨자 발표,맞춤주택공급부,2025-10-17,10640,https://www.i-sh.co.kr/main/lay2/program/S1T294C295/www/brd/m_241/view.do?seq=294945
5187,2025년 2차 장기미임대 매입임대주택 입주자 모집공고(2025.08.28.) 서류심사 대상자 발표,매입주택공급부,2025-10-17,15989,https://www.i-sh.co.kr/main/lay2/program/S1T294C295/www/brd/m_241/view.do?seq=294886
5186,2023년 제1차 국민임대주택(2023.06.23.공고) 예비11차 당첨자 및 동호배정 결과,공공주택공급부,2025-10-17,5420,https://www.i-sh.co.kr/main/lay2/program/S1T294C295/www/brd/m_241/view.do?seq=294942
5185,2022년 제1차 국민임대주택(2022.05.20.공고) 예비17차 당첨자 및 동호배정 결과,공공주택공급부,2025-10-17,2625,https://www.i-sh.co.kr/main/lay2/program/S1T294C295/www/brd/m_241/view.do?seq=294940
5184,가든파이브 임대상가 임대료 자동이체 실시 안내,가든파이브관리부,2025-10-17,333,https://www.i-sh.co.kr/main/lay2/program/S1T294C295/www/brd/m_241/view.do?seq=294928
5183,[토지지원 사회주택] 유니버설디자인하우스 수락 입주자 모집공고,공공개발금융부,2025-10-17,6899,https://www.i-sh.co.kr/main/lay2/program/S1T294C295/www/brd/m_241/view.do?seq=291883
5182,개포(구룡마을) 도시개발구역 이주촉진 및 관리용역 입찰공고 알림,수탁보상부,2025-10-16,1218,https://www.i-sh.co.kr/main/lay2/program/S1T294C295/www/brd/m_241/view.do?seq=294896
5181,[일반형] 특화형 매입임대주택(서대문구) 입주자 모집 공고(운영기관 : 협동조합 큰바위얼굴),매입주택공급부,2025-10-16,6816,https://www.i-sh.co.kr/main/lay2/program/S1T294C295/www/brd/m_241/view.do?seq=294891
5180,[청년형] 특화형 매입임대주택(강동구) 입주자 모집 공고(운영기관 : 마을과집 협동조합),매입주택공급부,2025-10-16,7517,https://www.i-sh.co.kr/main/lay2/program/S1T294C295/www/brd/m_241/view.do?seq=294771
5179,고덕강일지구 용지(상업1-1 및 주차장7) 선착순수의계약 분양 공고,분양부,2025-10-15,4174,https://www.i-sh.co.kr/main/lay2/program/S1T294C295/www/brd/m_241/view.do?seq=294612
5178,건설사업관리용역 사업수행능력평가 위원 후보자 명단 공고,건축기술부,2025-10-15,320,https://www.i-sh.co.kr/main/lay2/program/S1T294C295/www/brd/m_241/view.do?seq=294839
5177,"[토지지원 사회주택] 어울리 에어스페이스 신림1,2호점 입주자 모집공고",공공개발금융부,2025-10-15,4119,https://www.i-sh.co.kr/main/lay2/program/S1T294C295/www/brd/m_241/view.do?seq=294835
5176,e편한세상 답십리 아르테포레 단지내 상가 중개알선 수수료 지급 선착순 수의계약 분양 공고,정비사업지원부,2025-10-14,838,https://www.i-sh.co.kr/main/lay2/program/S1T294C295/www/brd/m_241/view.do?seq=294789
5175,제4차 장기전세주택2(이문 아이파크 자이) 계약 및 입주지정 기간 알림,미리내집공급부,2025-10-14,8798,https://www.i-sh.co.kr/main/lay2/program/S1T294C295/www/brd/m_241/view.do?seq=294724
5174,씨드큐브 창동 오피스(업무시설) 선착순 수의계약 임대 공고,자산운영부,2025-10-13,819,https://www.i-sh.co.kr/main/lay2/program/S1T294C295/www/brd/m_241/view.do?seq=294728
5173,2025년 제1차 국민임대주택 입주자 모집공고(2025.8.20.) 서류심사대상자 발표 및 서류제출 안내,공공주택공급부,2025-10-13,42853,https://www.i-sh.co.kr/main/lay2/program/S1T294C295/www/brd/m_241/view.do?seq=294608
5172,2025년 제1차 국민임대주택 입주자 모집공고(2025.8.20.공고) 서류심사대상자 발표시간 변경 안내,공공주택공급부,2025-10-13,24269,https://www.i-sh.co.kr/main/lay2/program/S1T294C295/www/brd/m_241/view.do?seq=294726
5171,e편한세상 답십리 아르테포레 단지내 상가 중개알선 수수료 지급 선착순 수의계약 분양 공고 중지,정비사업지원부,2025-10-10,391,https://www.i-sh.co.kr/main/lay2/program/S1T294C295/www/brd/m_241/view.do?seq=294743
5170,2024년 제1차 국민임대주택(2024.09.26.공고) 예비3차 계약결과 게시,공공주택공급부,2025-10-10,15533,https://www.i-sh.co.kr/main/lay2/program/S1T294C295/www/brd/m_241/view.do?seq=294600
5169,장위자이레디언트(장위4구역)_입주안내문,성북주거안심종합센터,2025-10-10,99,https://www.i-sh.co.kr/main/lay2/program/S1T294C295/www/brd/m_241/view.do?seq=294606
5168,제3차 장기전세주택2(2024.12.20.공고) 예비 3차 입주대상자 발표,미리내집공급부,2025-10-02,26906,https://www.i-sh.co.kr/main/lay2/program/S1T294C295/www/brd/m_241/view.do?seq=294455
5167,제2기 여성건축가 등 인력자원 명단 공고,건축설계부,2025-10-02,875,https://www.i-sh.co.kr/main/lay2/program/S1T294C295/www/brd/m_241/view.do?seq=294456
5166,[청년형] 특화형 매입임대주택(송파구) 입주자 모집 공고(운영기관 : 협동조합 큰바위얼굴),매입주택공급부,2025-10-02,21422,https://www.i-sh.co.kr/main/lay2/program/S1T294C295/www/brd/m_241/view.do?seq=294441
5165,2025년 신정도시마을 잔여세대 입주자모집공고(25.09.17.) 선순위 청약접수결과 및 접수마감 안내,맞춤주택공급부,2025-10-02,11438,https://www.i-sh.co.kr/main/lay2/program/S1T294C295/www/brd/m_241/view.do?seq=294410
5164,"전산작업에 따른 서비스(휴대폰인증, 실명확인) 이용 안내",시스템운영부,2025-10-02,1610,https://www.i-sh.co.kr/main/lay2/program/S1T294C295/www/brd/m_241/view.do?seq=294448
5163,「면목 행정문화중심 복합타운」 중간 및 실시 설계용역 변경공고 재알림,공공설계부,2025-10-01,456,https://www.i-sh.co.kr/main/lay2/program/S1T294C295/www/brd/m_241/view.do?seq=294419
5162,"고덕강일지구 용지 분양 공고(근린생활시설용지, 주차장용지)",분양부,2025-10-01,4189,https://www.i-sh.co.kr/main/lay2/program/S1T294C295/www/brd/m_241/view.do?seq=294311
5161,[백악관타워] 임대료. 임대보증금 상호전환 금액 안내,중랑주거안심종합센터,2025-10-01,238,https://www.i-sh.co.kr/main/lay2/program/S1T294C295/www/brd/m_241/view.do?seq=294420
5160,2025년 하반기 신혼·신생아 매입임대주택Ⅰ 입주대기자 모집공고(2025. 9. 30.),매입주택공급부,2025-09-30,63993,https://www.i-sh.co.kr/main/lay2/program/S1T294C295/www/brd/m_241/view.do?seq=294085
5159,2025년 제2차 반지하주택 정비를 위한 자율주택정비사업 대상지 모집 공고,모아주택사업부,2025-09-30,1632,https://www.i-sh.co.kr/main/lay2/program/S1T294C295/www/brd/m_241/view.do?seq=294356
5158,[어울채(서울리츠1호)] 입주안내문 게시 (2025년 1차 행복주택),중랑주거안심종합센터,2025-09-30,58,https://www.i-sh.co.kr/main/lay2/program/S1T294C295/www/brd/m_241/view.do?seq=294349
5157,2025년 빈집활용 건축디자인 공모전 개최,빈집사업부,2025-09-30,4699,https://www.i-sh.co.kr/main/lay2/program/S1T294C295/www/brd/m_241/view.do?seq=293869
5156,(일정 변경) 2025년 신정도시마을 잔여세대 입주자모집공고(25.09.17.),맞춤주택공급부,2025-09-29,40847,https://www.i-sh.co.kr/main/lay2/program/S1T294C295/www/brd/m_241/view.do?seq=294293
5155,2025년 SH특화형 매입임대주택 운영기관 실태평가 기준 알림,매입주택공급부,2025-09-29,1541,https://www.i-sh.co.kr/main/lay2/program/S1T294C295/www/brd/m_241/view.do?seq=294156
5154,제2차 장기전세주택2(2024.8.30.공고) 예비 4차 입주대상자 발표,미리내집공급부,2025-09-26,15825,https://www.i-sh.co.kr/main/lay2/program/S1T294C295/www/brd/m_241/view.do?seq=294222
5153,2025년 공공·주거환경임대주택 입주자 및 예비입주자 모집공고(2025.9.26.공고),공공주택공급부,2025-09-26,253118,https://www.i-sh.co.kr/main/lay2/program/S1T294C295/www/brd/m_241/view.do?seq=294206
5152,제46차  장기전세주택(2024.12.26.공고) 예비 2차 입주대상자 발표(수정),미리내집공급부,2025-09-26,6856,https://www.i-sh.co.kr/main/lay2/program/S1T294C295/www/brd/m_241/view.do?seq=294177
5151,[청년안심주택-상봉동100] 임대료.임대보증금 상호전환 금액 안내,중랑주거안심종합센터,2025-09-26,236,https://www.i-sh.co.kr/main/lay2/program/S1T294C295/www/brd/m_241/view.do?seq=294221
5150,2024년 3차 청년안심주택(2024. 12. 23. 공고) 예비3차 당첨자 발표,맞춤주택공급부,2025-09-26,7184,https://www.i-sh.co.kr/main/lay2/program/S1T294C295/www/brd/m_241/view.do?seq=294217
5149,장기안심주택 2026년 1월 재계약 대상자 입주자격 심사결과,맞춤주택공급부,2025-09-26,3830,https://www.i-sh.co.kr/main/lay2/program/S1T294C295/www/brd/m_241/view.do?seq=294091
5148,은평지구 예술마을 조성 민간사업자 공모 재공고,도시계획부,2025-09-26,593,https://www.i-sh.co.kr/main/lay2/program/S1T294C295/www/brd/m_241/view.do?seq=294284
5147,[라봄 성동] 청년안심주택 입주안내문 게시,성동주거안심종합센터,2025-09-26,89,https://www.i-sh.co.kr/main/lay2/program/S1T294C295/www/brd/m_241/view.do?seq=294210
5146,용산 남영역 롯데캐슬 헤리티지 입주안내문 및 위임장 양식 게시,용산주거안심종합센터,2025-09-26,1478,https://www.i-sh.co.kr/main/lay2/program/S1T294C295/www/brd/m_241/view.do?seq=294208
5145,어반허브 서울 스테이션 입주안내문 및 위임장 양식 게시,용산주거안심종합센터,2025-09-26,954,https://www.i-sh.co.kr/main/lay2/program/S1T294C295/www/brd/m_241/view.do?seq=294207
5144,[당첨자발표] 청년 매입임대주택 입주자모집 예비자 공급 대상자 발표(2024년 2차 예비2차) 및 계약안내,매입주택공급부,2025-09-25,7337,https://www.i-sh.co.kr/main/lay2/program/S1T294C295/www/brd/m_241/view.do?seq=294163
5143,e편한세상 답십리 아르테포레 단지내 상가 중개알선 수수료 지급 선착순 분양 공고,정비사업지원부,2025-09-24,3612,https://www.i-sh.co.kr/main/lay2/program/S1T294C295/www/brd/m_241/view.do?seq=292220
5142,세이지움 상봉 입주 안내문 게시,중랑주거안심종합센터,2025-09-24,491,https://www.i-sh.co.kr/main/lay2/program/S1T294C295/www/brd/m_241/view.do?seq=294106
5141,2025년 화곡동 청년협동조합주택(그랑) 공가세대(2025.4.9.공고) 최종입주대상자 발표,맞춤주택공급부,2025-09-23,1236,https://www.i-sh.co.kr/main/lay2/program/S1T294C295/www/brd/m_241/view.do?seq=293875
5140,2025년 전세임대형 든든주택(2025.6.30.)공고 입주대상자 발표(계약안내문 첨부),전세주택공급부,2025-09-22,20227,https://www.i-sh.co.kr/main/lay2/program/S1T294C295/www/brd/m_241/view.do?seq=294008
5139,제48차 장기전세주택 서류심사 대상자 발표 및 서류제출 안내,미리내집공급부,2025-09-22,12489,https://www.i-sh.co.kr/main/lay2/program/S1T294C295/www/brd/m_241/view.do?seq=293796
5138,장기안심주택 2026년 2월 재계약 대상자 입주자격 심사서류 제출 안내,맞춤주택공급부,2025-09-22,4997,https://www.i-sh.co.kr/main/lay2/program/S1T294C295/www/brd/m_241/view.do?seq=293909
5137,[토지임대부 사회주택] 사회주택 대치 입주자 모집 공고,민간개발금융부,2025-09-19,4221,https://www.i-sh.co.kr/main/lay2/program/S1T294C295/www/brd/m_241/view.do?seq=292791
5136,2024년 재개발임대주택 예비3차 당첨자 및 동호배정결과 발표(2024.10.11.공고),공공주택공급부,2025-09-19,4525,https://www.i-sh.co.kr/main/lay2/program/S1T294C295/www/brd/m_241/view.do?seq=293911
5135,2025년 2차 임대상가 재공급 모집공고(2025.8.27) 당첨자 및 예비당첨자 발표,자산운영부,2025-09-18,1119,https://www.i-sh.co.kr/main/lay2/program/S1T294C295/www/brd/m_241/view.do?seq=293885
5134,고덕강일지구 자족기능시설용지3BL 분양신청 결과,분양부,2025-09-17,1330,https://www.i-sh.co.kr/main/lay2/program/S1T294C295/www/brd/m_241/view.do?seq=293787
5133,(수정) 2025년 신정도시마을 잔여세대 입주자모집공고(25.09.17.),맞춤주택공급부,2025-09-17,18221,https://www.i-sh.co.kr/main/lay2/program/S1T294C295/www/brd/m_241/view.do?seq=293598
5132,2025년 제1차 국민임대주택 입주자 모집(2025.8.20.공고) 선순위 청약접수결과 및 접수마감 안내,공공주택공급부,2025-09-17,31414,https://www.i-sh.co.kr/main/lay2/program/S1T294C295/www/brd/m_241/view.do?seq=293798
5131,2025년 1차 미리내집 입주자 모집공고(신혼·신생아 매입임대주택Ⅱ),매입주택공급부,2025-09-16,127070,https://www.i-sh.co.kr/main/lay2/program/S1T294C295/www/brd/m_241/view.do?seq=293061
5130,씨드큐브 창동 오피스 수의계약(창업기업 임대) 공고,자산운영부,2025-09-15,367,https://www.i-sh.co.kr/main/lay2/program/S1T294C295/www/brd/m_241/view.do?seq=293744
5129,마곡지구 및 고덕강일지구 토지매매 알선장려금 제도 시행 안내,분양부,2025-09-15,3897,https://www.i-sh.co.kr/main/lay2/program/S1T294C295/www/brd/m_241/view.do?seq=293715
5128,[청년형] 특화형 매입임대주택(금천구) 입주자 모집 공고(운영기관 : 한지붕 협동조합),매입주택공급부,2025-09-15,9281,https://www.i-sh.co.kr/main/lay2/program/S1T294C295/www/brd/m_241/view.do?seq=293586
5127,2024년 2차 청년안심주택(2024. 7. 26. 공고) 예비5차 당첨자 발표,맞춤주택공급부,2025-09-12,10116,https://www.i-sh.co.kr/main/lay2/program/S1T294C295/www/brd/m_241/view.do?seq=293653
5126,2024년 제1차 국민임대주택(2024.09.26.공고) 예비3차 당첨자 및 동호배정 결과,공공주택공급부,2025-09-12,9710,https://www.i-sh.co.kr/main/lay2/program/S1T294C295/www/brd/m_241/view.do?seq=293652
5125,2021년 제1차 국민임대주택(2021.09.24.공고) 예비17차 당첨자 및 동호배정 결과,공공주택공급부,2025-09-12,4096,https://www.i-sh.co.kr/main/lay2/program/S1T294C295/www/brd/m_241/view.do?seq=293646
5124,2025년 신혼신생아 Ⅰ전세임대 입주자 정기모집(2025.6.11.) 입주대상자 발표(계약안내문 첨부),전세주택공급부,2025-09-12,8872,https://www.i-sh.co.kr/main/lay2/program/S1T294C295/www/brd/m_241/view.do?seq=293650
5123,[토지지원 사회주택] 어울리 에어스페이스 신림3호점 입주자 추가 모집공고(9. 4.자 공고 수정공고),공공개발금융부,2025-09-11,3935,https://www.i-sh.co.kr/main/lay2/program/S1T294C295/www/brd/m_241/view.do?seq=293630
5122,[당첨자발표] 청년 매입임대주택 입주자모집 예비자 공급 대상자 발표(2024년 1차 예비5차) 및 계약안내,매입주택공급부,2025-09-10,8406,https://www.i-sh.co.kr/main/lay2/program/S1T294C295/www/brd/m_241/view.do?seq=293570
5121,[예비2차] 1~2인가구를 위한 도시형생활주택 모집공고(2024.12.27.) 당첨자 발표,맞춤주택공급부,2025-09-09,11594,https://www.i-sh.co.kr/main/lay2/program/S1T294C295/www/brd/m_241/view.do?seq=293527
5120,씨드큐브 창동 오피스(업무시설) 선착순 수의계약 임대 공고,자산운영부,2025-09-09,4345,https://www.i-sh.co.kr/main/lay2/program/S1T294C295/www/brd/m_241/view.do?seq=293522
5119,제44차 장기전세주택(2024.06.27.공고) 예비 5차 입주대상자 발표,미리내집공급부,2025-09-08,12071,https://www.i-sh.co.kr/main/lay2/program/S1T294C295/www/brd/m_241/view.do?seq=293419
5118,고덕강일지구 용지 분양 개찰 결과,분양부,2025-09-08,1214,https://www.i-sh.co.kr/main/lay2/program/S1T294C295/www/brd/m_241/view.do?seq=293498
5117,전산작업에 따른 서비스(하나인증서) 이용 안내,시스템운영부,2025-09-08,774,https://www.i-sh.co.kr/main/lay2/program/S1T294C295/www/brd/m_241/view.do?seq=293491
5116,제4차 장기전세주택2(2025.4.11.공고) 예비 1차 입주대상자 발표,미리내집공급부,2025-09-05,14458,https://www.i-sh.co.kr/main/lay2/program/S1T294C295/www/brd/m_241/view.do?seq=293408
5115,건설사업관리용역 사업수행능력 세부평가기준 개정 공고,건축기술부,2025-09-05,268,https://www.i-sh.co.kr/main/lay2/program/S1T294C295/www/brd/m_241/view.do?seq=293405
5114,가든파이브 툴동 잔여상가 수의계약 분양공고 종료,가든파이브관리부,2025-09-05,562,https://www.i-sh.co.kr/main/lay2/program/S1T294C295/www/brd/m_241/view.do?seq=293349
5113,『천왕역 모아엘가 트레뷰』 장기전세주택 입주안내문,구로주거안심종합센터,2025-09-04,386,https://www.i-sh.co.kr/main/lay2/program/S1T294C295/www/brd/m_241/view.do?seq=293333
5112,[라봄 성동] 청년안심주택 주택공개 및 사전점검 안내,성동주거안심종합센터,2025-09-02,118,https://www.i-sh.co.kr/main/lay2/program/S1T294C295/www/brd/m_241/view.do?seq=293256
5111,에드가 개봉 청년안심주택 주택공개 및 사전점검 안내문 게시,구로주거안심종합센터,2025-09-02,1359,https://www.i-sh.co.kr/main/lay2/program/S1T294C295/www/brd/m_241/view.do?seq=293227
5110,[용산 남영역 롯데캐슬 헤리티지] 청년안심주택 사용승인서 게시,용산주거안심종합센터,2025-09-01,2058,https://www.i-sh.co.kr/main/lay2/program/S1T294C295/www/brd/m_241/view.do?seq=293185
5109,[어반허브 서울 스테이션] 청년안심주택 사용승인서 게시,용산주거안심종합센터,2025-09-01,1297,https://www.i-sh.co.kr/main/lay2/program/S1T294C295/www/brd/m_241/view.do?seq=293183
5108,[중랑구 상봉동 100] 청년안심주택 사용검사 확인증 게시,중랑주거안심종합센터,2025-08-29,234,https://www.i-sh.co.kr/main/lay2/program/S1T294C295/www/brd/m_241/view.do?seq=293059
5107,홍은동 청년협동조합(이웃기웃) 잔여세대 입주자 모집공고(2025.04.30.) 최종입주대상자 및 예비자 발표,매입주택공급부,2025-08-29,4861,https://www.i-sh.co.kr/main/lay2/program/S1T294C295/www/brd/m_241/view.do?seq=292852
5106,백악관타워(청년안심주택)  사용승인서(필증) 게시,중랑주거안심종합센터,2025-08-29,126,https://www.i-sh.co.kr/main/lay2/program/S1T294C295/www/brd/m_241/view.do?seq=293050
5105,백악관타워(청년안심주택) 주택공개 안내문 게시,중랑주거안심종합센터,2025-08-29,1744,https://www.i-sh.co.kr/main/lay2/program/S1T294C295/www/brd/m_241/view.do?seq=293049
5104,[세이지움 상봉] 사용검사 확인증 게시,중랑주거안심종합센터,2025-08-29,211,https://www.i-sh.co.kr/main/lay2/program/S1T294C295/www/brd/m_241/view.do?seq=293048
5103,2025년 1차 청년안심주택(2025.04.09.공고) 당첨자 및 예비자 발표,맞춤주택공급부,2025-08-29,33691,https://www.i-sh.co.kr/main/lay2/program/S1T294C295/www/brd/m_241/view.do?seq=293043
5102,2025년 1차 행복주택(2025.4.25.공고) 당첨자 및 예비자 발표,공공주택공급부,2025-08-29,13911,https://www.i-sh.co.kr/main/lay2/program/S1T294C295/www/brd/m_241/view.do?seq=293007
5101,전산작업에 따른 서비스(PASS인증서) 이용 안내,시스템운영부,2025-08-29,8204,https://www.i-sh.co.kr/main/lay2/program/S1T294C295/www/brd/m_241/view.do?seq=293016
5100,마곡지구 편익시설용지 선착순수의계약 분양 공고,분양부,2025-08-29,1953,https://www.i-sh.co.kr/main/lay2/program/S1T294C295/www/brd/m_241/view.do?seq=293015
5099,[부준준공인가증] 디에이치퍼스티어 아이파크  부분준공인가증 게시,강남주거안심종합센터,2025-08-29,558,https://www.i-sh.co.kr/main/lay2/program/S1T294C295/www/brd/m_241/view.do?seq=293037
5098,홈페이지 등 공사 시스템 일시 중단 안내,시스템운영부,2025-08-28,2773,https://www.i-sh.co.kr/main/lay2/program/S1T294C295/www/brd/m_241/view.do?seq=292983
5097,2025년 2차 장기미임대 매입임대주택 입주자 모집공고(2025.08.28.),매입주택공급부,2025-08-28,235459,https://www.i-sh.co.kr/main/lay2/program/S1T294C295/www/brd/m_241/view.do?seq=292857
5096,장기안심주택 2025년 12월 재계약 대상자 입주자격 심사결과,맞춤주택공급부,2025-08-28,4300,https://www.i-sh.co.kr/main/lay2/program/S1T294C295/www/brd/m_241/view.do?seq=292850
5095,제48차 장기전세주택 입주자 모집공고(2025.8.14.) 최종 청약접수 결과 및 청약마감 안내,미리내집공급부,2025-08-28,21095,https://www.i-sh.co.kr/main/lay2/program/S1T294C295/www/brd/m_241/view.do?seq=292935
5094,"2025년 하반기 일반 매입임대주택(다가구,원룸) 입주대기자 모집공고(2025.08.27.)",매입주택공급부,2025-08-27,23911,https://www.i-sh.co.kr/main/lay2/program/S1T294C295/www/brd/m_241/view.do?seq=292811
5093,2025년 2차 임대상가 재공급 모집공고,자산운영부,2025-08-27,7166,https://www.i-sh.co.kr/main/lay2/program/S1T294C295/www/brd/m_241/view.do?seq=292899
5092,서울 영등포 공공주택지구 주택 현물보상 공고,보상총괄부,2025-08-27,2391,https://www.i-sh.co.kr/main/lay2/program/S1T294C295/www/brd/m_241/view.do?seq=292896
5091,주거복지직 대체인력뱅크 5회차 채용 합격자 발표 및 임용등록 안내,인사부,2025-08-26,1293,https://www.i-sh.co.kr/main/lay2/program/S1T294C295/www/brd/m_241/view.do?seq=292841
5090,장기안심주택 2026년 1월 재계약 대상자 입주자격 심사서류 제출 안내,맞춤주택공급부,2025-08-26,6994,https://www.i-sh.co.kr/main/lay2/program/S1T294C295/www/brd/m_241/view.do?seq=292612
5089,2025년 2차 청년안심주택 서류심사대상자 발표(2025.07.30. 공고),맞춤주택공급부,2025-08-22,33619,https://www.i-sh.co.kr/main/lay2/program/S1T294C295/www/brd/m_241/view.do?seq=292684
5088,2025년 창동 아우르네빌리지 예비1차 당첨자 발표,공공주택공급부,2025-08-22,2909,https://www.i-sh.co.kr/main/lay2/program/S1T294C295/www/brd/m_241/view.do?seq=292613
5087,상계마들단지 재정비사업 생활대책 기준 공고,이주지원부,2025-08-22,1794,https://www.i-sh.co.kr/main/lay2/program/S1T294C295/www/brd/m_241/view.do?seq=292696
5086,하계5단지 재정비사업 생활대책 기준 공고,이주지원부,2025-08-22,1678,https://www.i-sh.co.kr/main/lay2/program/S1T294C295/www/brd/m_241/view.do?seq=292694
5085,세이지움 개봉 청년안심주택 예비2차 입주 안내문 및 주차장 이용 안내문 게시,구로주거안심종합센터,2025-08-21,1227,https://www.i-sh.co.kr/main/lay2/program/S1T294C295/www/brd/m_241/view.do?seq=292635
5084,2025년 청년 체험형 인턴 최종합격자 발표 및 임용등록 안내,인사부,2025-08-20,1922,https://www.i-sh.co.kr/main/lay2/program/S1T294C295/www/brd/m_241/view.do?seq=292585
5083,2025년 제1차 국민임대주택 입주자 모집공고(2025.8.20.공고),공공주택공급부,2025-08-20,427888,https://www.i-sh.co.kr/main/lay2/program/S1T294C295/www/brd/m_241/view.do?seq=292541
5082,서초 성뒤마을 공공주택지구 공동주택용지2(B1) 일반분양(현상설계공모) 참가자 확정공고 게시,건축설계부,2025-08-20,2093,https://www.i-sh.co.kr/main/lay2/program/S1T294C295/www/brd/m_241/view.do?seq=292569
5081,주거복지직 대체인력뱅크 서류전형 결과 및 면접대상자 발표,인사부,2025-08-19,785,https://www.i-sh.co.kr/main/lay2/program/S1T294C295/www/brd/m_241/view.do?seq=292537
5080,「세운4구역 최적화계획 및 MD구성 전략 컨설팅 용역」 서면질의에 대한 회신 공지,세운사업부,2025-08-18,379,https://www.i-sh.co.kr/main/lay2/program/S1T294C295/www/brd/m_241/view.do?seq=292494
5079,제2기 여성건축가 등 인력자원 공개모집,건축설계부,2025-08-18,844,https://www.i-sh.co.kr/main/lay2/program/S1T294C295/www/brd/m_241/view.do?seq=292472
5078,홈페이지 등 공사 시스템 일시 중단 안내,시스템운영부,2025-08-18,3463,https://www.i-sh.co.kr/main/lay2/program/S1T294C295/www/brd/m_241/view.do?seq=292451
5077,제48차 장기전세주택 입주자 모집공고(2025.8.14.공고),미리내집공급부,2025-08-14,224505,https://www.i-sh.co.kr/main/lay2/program/S1T294C295/www/brd/m_241/view.do?seq=292305
5076,2025년 2차 청년안심주택(공공임대) 입주자 모집공고(2025. 7. 30.) 최종 청약경쟁률 게시,맞춤주택공급부,2025-08-14,60823,https://www.i-sh.co.kr/main/lay2/program/S1T294C295/www/brd/m_241/view.do?seq=292457
5075,[예비2차] 신내의료안심주택 잔여세대 모집공고(2024. 9.27.) 당첨자 발표,맞춤주택공급부,2025-08-13,5056,https://www.i-sh.co.kr/main/lay2/program/S1T294C295/www/brd/m_241/view.do?seq=292327
5074,제5차 장기전세주택2(미리내집) 입주자 모집공고(2025.7.28.) 청약 접수결과,미리내집공급부,2025-08-13,29577,https://www.i-sh.co.kr/main/lay2/program/S1T294C295/www/brd/m_241/view.do?seq=292289
5073,수서역세권 공공주택지구 훼손지 복구사업 보상협의 공시송달 공고,용지보상부,2025-08-13,2147,https://www.i-sh.co.kr/main/lay2/program/S1T294C295/www/brd/m_241/view.do?seq=292361
5072,서초 성뒤마을 공공주택지구 공동주택용지2(B1) 일반분양(현상설계공모) 재공고,건축설계부,2025-08-12,2970,https://www.i-sh.co.kr/main/lay2/program/S1T294C295/www/brd/m_241/view.do?seq=292232
5071,[청년형] 특화형 매입임대주택(금천구) 입주자 모집 공고(운영기관 : 한지붕 협동조합),매입주택공급부,2025-08-11,11253,https://www.i-sh.co.kr/main/lay2/program/S1T294C295/www/brd/m_241/view.do?seq=292019
5070,[청년형] 특화형 매입임대주택(강동구) 입주자 모집 공고(운영기관 : 한지붕 협동조합),매입주택공급부,2025-08-11,12588,https://www.i-sh.co.kr/main/lay2/program/S1T294C295/www/brd/m_241/view.do?seq=292018
5069,주거복지직 대체인력뱅크 상시모집 5회차 채용계획 안내,인사부,2025-08-08,1925,https://www.i-sh.co.kr/main/lay2/program/S1T294C295/www/brd/m_241/view.do?seq=292147
5068,제4차 장기전세주택2(2025.04.11. 공고) 당첨자 및 예비입주자 발표,미리내집공급부,2025-08-08,18594,https://www.i-sh.co.kr/main/lay2/program/S1T294C295/www/brd/m_241/view.do?seq=292135
5067,2023년 제1차 국민임대주택(2023.06.23.공고) 예비10차 당첨자 및 동호배정 결과,공공주택공급부,2025-08-08,6417,https://www.i-sh.co.kr/main/lay2/program/S1T294C295/www/brd/m_241/view.do?seq=292131
5066,마곡지구 편익시설용지 분양 재공고 개찰결과 게시,분양부,2025-08-08,780,https://www.i-sh.co.kr/main/lay2/program/S1T294C295/www/brd/m_241/view.do?seq=292128
5065,2022년 제1차 국민임대주택 예비17차 공급관련 안내,공공주택공급부,2025-08-08,4223,https://www.i-sh.co.kr/main/lay2/program/S1T294C295/www/brd/m_241/view.do?seq=292149
5064,천왕역 모아엘가 트레뷰 준공인가증 게시,구로주거안심종합센터,2025-08-08,219,https://www.i-sh.co.kr/main/lay2/program/S1T294C295/www/brd/m_241/view.do?seq=292137
5063,[청년형] 특화형 매입임대주택(금천구) 입주자 모집 공고(운영기관 : 한지붕 협동조합),매입주택공급부,2025-08-07,4273,https://www.i-sh.co.kr/main/lay2/program/S1T294C295/www/brd/m_241/view.do?seq=292020
5062,[청년형] 특화형 매입임대주택(은평구) 입주자 모집 공고(운영기관 : 협동조합 큰바위얼굴),매입주택공급부,2025-08-07,4692,https://www.i-sh.co.kr/main/lay2/program/S1T294C295/www/brd/m_241/view.do?seq=292016
5061,홍은동 청년협동조합주택 조합단 인터뷰 대상자 발표(2025. 04. 30. 공고),매입주택공급부,2025-08-06,507,https://www.i-sh.co.kr/main/lay2/program/S1T294C295/www/brd/m_241/view.do?seq=292015
5060,2025년 청년 체험형 인턴 서류전형 합격자 발표 및 면접전형 대상자 안내,인사부,2025-08-06,1346,https://www.i-sh.co.kr/main/lay2/program/S1T294C295/www/brd/m_241/view.do?seq=292063
5059,2025년도 제2차 신축약정 매입임대주택 매도인 추천 감정평가법인 선정 결과 공개,주택매입사업부,2025-08-06,1879,https://www.i-sh.co.kr/main/lay2/program/S1T294C295/www/brd/m_241/view.do?seq=292060
5058,[청년형] 특화형 매입임대주택(금천구) 입주자 모집 공고(운영기관 : 한지붕 협동조합),매입주택공급부,2025-08-06,5519,https://www.i-sh.co.kr/main/lay2/program/S1T294C295/www/brd/m_241/view.do?seq=292009
5057,2024년 3차 청년안심주택(2024. 12. 23. 공고) 예비2차 당첨자 발표,맞춤주택공급부,2025-08-01,16186,https://www.i-sh.co.kr/main/lay2/program/S1T294C295/www/brd/m_241/view.do?seq=291891
5056,세이지움 개봉 청년안심주택 예비2차 당첨자 주택공개 및 사전점검 안내문 게시,구로주거안심종합센터,2025-08-01,1871,https://www.i-sh.co.kr/main/lay2/program/S1T294C295/www/brd/m_241/view.do?seq=291899
5055,천왕역 모아엘가 트레뷰 임시사용승인서 게시,구로주거안심종합센터,2025-07-31,114,https://www.i-sh.co.kr/main/lay2/program/S1T294C295/www/brd/m_241/view.do?seq=291842
5054,2022년 2차 행복주택(2022.12.27.공고) 예비입주자 1차 재심사대상자 발표 및 서류제출 안내,공공주택공급부,2025-07-31,7672,https://www.i-sh.co.kr/main/lay2/program/S1T294C295/www/brd/m_241/view.do?seq=291823
5053,2022년 3차 서울리츠 행복주택(2022.12.23.공고) 예비입주자 1차 재심사대상자 발표 및 서류제출 안내,공공주택공급부,2025-07-31,3221,https://www.i-sh.co.kr/main/lay2/program/S1T294C295/www/brd/m_241/view.do?seq=291821
5052,2022년 2차 서울리츠 행복주택(2022.10.24.공고) 예비입주자 1차 재심사대상자 발표 및 서류제출 안내,공공주택공급부,2025-07-31,1633,https://www.i-sh.co.kr/main/lay2/program/S1T294C295/www/brd/m_241/view.do?seq=291817
5051,2022년 1차 행복주택(2022.6.21.공고) 예비입주자 2차 재심사대상자 발표 및 서류제출 안내,공공주택공급부,2025-07-31,1713,https://www.i-sh.co.kr/main/lay2/program/S1T294C295/www/brd/m_241/view.do?seq=291492
5050,2022년 1차 서울리츠 행복주택(2022.5.27.공고) 예비입주자 2차 재심사대상자 발표 및 서류제출 안내,공공주택공급부,2025-07-31,1112,https://www.i-sh.co.kr/main/lay2/program/S1T294C295/www/brd/m_241/view.do?seq=291491
5049,2021년 2차 행복주택(2021.12.28.공고) 예비입주자 3차 재심사대상자 발표 및 서류제출 안내,공공주택공급부,2025-07-31,1806,https://www.i-sh.co.kr/main/lay2/program/S1T294C295/www/brd/m_241/view.do?seq=291474
5048,2025년 제1차 보증금지원형 장기안심주택 당첨자 발표 및 계약안내,맞춤주택공급부,2025-07-31,16020,https://www.i-sh.co.kr/main/lay2/program/S1T294C295/www/brd/m_241/view.do?seq=291794
5047,"고덕강일지구 용지 분양 공고(상업시설용지, 근린생활시설용지, 주차장용지)",분양부,2025-07-31,7036,https://www.i-sh.co.kr/main/lay2/program/S1T294C295/www/brd/m_241/view.do?seq=291731
5046,서울주택도시개발공사 임대공급관리원 육아휴직 대체인력 최종합격자 발표 및 임용등록 안내,인사부,2025-07-31,938,https://www.i-sh.co.kr/main/lay2/program/S1T294C295/www/brd/m_241/view.do?seq=291719
5045,2024년 제1차 국민임대주택(2024.09.26.공고) 예비2차 계약결과 게시,공공주택공급부,2025-07-31,6334,https://www.i-sh.co.kr/main/lay2/program/S1T294C295/www/brd/m_241/view.do?seq=291804
5044,힐스테이트 청량리 메트로블(용두1-3구역) 준공인가증 게시,동대문주거안심종합센터,2025-07-30,1601,https://www.i-sh.co.kr/main/lay2/program/S1T294C295/www/brd/m_241/view.do?seq=291793
5043,2025년 2차 청년안심주택(공공임대) 입주자 모집공고(2025.07.30.),맞춤주택공급부,2025-07-30,193970,https://www.i-sh.co.kr/main/lay2/program/S1T294C295/www/brd/m_241/view.do?seq=291790
5042,전산작업에 따른 서비스 이용 안내,시스템운영부,2025-07-30,712,https://www.i-sh.co.kr/main/lay2/program/S1T294C295/www/brd/m_241/view.do?seq=291650
5041,2025년 만리동 예술인 협동조합주택 잔여세대 입주자 모집공고(‘25.7.7.공고) 객관적평가(서류심사) 대상자 발표,맞춤주택공급부,2025-07-29,2870,https://www.i-sh.co.kr/main/lay2/program/S1T294C295/www/brd/m_241/view.do?seq=291685
5040,천왕역 모아엘가 트레뷰 장기전세주택 주택공개 및 사전점검 안내문 게시,구로주거안심종합센터,2025-07-29,2085,https://www.i-sh.co.kr/main/lay2/program/S1T294C295/www/brd/m_241/view.do?seq=291727
5039,제5차 장기전세주택2(미리내집) 입주자 모집공고,미리내집공급부,2025-07-28,209217,https://www.i-sh.co.kr/main/lay2/program/S1T294C295/www/brd/m_241/view.do?seq=291611
5038,용산국제업무지구 도시개발사업 사업시행자 소유 토지 감정평가법인 선정 공고,보상총괄부,2025-07-28,2588,https://www.i-sh.co.kr/main/lay2/program/S1T294C295/www/brd/m_241/view.do?seq=291612
5037,"2025년 지원주택(장애인, 노숙인, 정신질환자, 어르신 유형) 입주자 모집 공고",매입주택공급부,2025-07-25,10114,https://www.i-sh.co.kr/main/lay2/program/S1T294C295/www/brd/m_241/view.do?seq=291475
5036,제3차 장기전세주택2(2024.12.20.공고) 예비 2차 입주대상자 발표(계약 및 입주기간 정정),미리내집공급부,2025-07-25,13513,https://www.i-sh.co.kr/main/lay2/program/S1T294C295/www/brd/m_241/view.do?seq=291544
5035,2025년 1차 청년 매입임대주택(2025. 6. 27.) 서류심사대상자 발표 및 서류제출 안내,매입주택공급부,2025-07-25,53835,https://www.i-sh.co.kr/main/lay2/program/S1T294C295/www/brd/m_241/view.do?seq=291531
5034,2025년 2차 행복주택 서류심사 대상자 발표 및 서류 제출 안내,공공주택공급부,2025-07-25,56545,https://www.i-sh.co.kr/main/lay2/program/S1T294C295/www/brd/m_241/view.do?seq=291469
5033,[청계SK뷰] 청계SK뷰 사용검사 확인증 게시,성동주거안심종합센터,2025-07-25,122,https://www.i-sh.co.kr/main/lay2/program/S1T294C295/www/brd/m_241/view.do?seq=291507
5032,용산국제업무지구 도시개발사업 사업시행자 감정평가법인 선정 공고,보상총괄부,2025-07-24,2676,https://www.i-sh.co.kr/main/lay2/program/S1T294C295/www/brd/m_241/view.do?seq=291406
5031,장기안심주택 2025년 12월 재계약 대상자 입주자격 심사서류 제출 안내(정정),맞춤주택공급부,2025-07-24,3876,https://www.i-sh.co.kr/main/lay2/program/S1T294C295/www/brd/m_241/view.do?seq=291398
5030,2025년 1차 청년 매입임대주택(2025.06.27.) 인터넷 청약신청 최종 결과 및 경쟁률 공지,매입주택공급부,2025-07-23,17657,https://www.i-sh.co.kr/main/lay2/program/S1T294C295/www/brd/m_241/view.do?seq=291431
5029,장기안심주택 2025년 11월 재계약 대상자 입주자격 심사결과,맞춤주택공급부,2025-07-23,2982,https://www.i-sh.co.kr/main/lay2/program/S1T294C295/www/brd/m_241/view.do?seq=291358
5028,[청년형] 특화형 매입임대주택(강동구) 입주자 모집 공고(운영기관 : 협동조합 큰바위얼굴),매입주택공급부,2025-07-23,4461,https://www.i-sh.co.kr/main/lay2/program/S1T294C295/www/brd/m_241/view.do?seq=291179
5027,주거복지직 대체인력뱅크 4회차 채용 합격자 발표,인사부,2025-07-22,844,https://www.i-sh.co.kr/main/lay2/program/S1T294C295/www/brd/m_241/view.do?seq=291373
5026,e편한세상 답십리 아르테포레 단지내 상가 선착순 수의계약 분양 공고 중지 알림,정비사업지원부,2025-07-18,935,https://www.i-sh.co.kr/main/lay2/program/S1T294C295/www/brd/m_241/view.do?seq=291201
5025,2025년 2차 행복주택 입주자 모집(2025.06.27.공고) 최종 청약 경쟁률 게시,공공주택공급부,2025-07-18,38153,https://www.i-sh.co.kr/main/lay2/program/S1T294C295/www/brd/m_241/view.do?seq=291114
5024,전산작업에 따른 서비스(휴대폰인증) 이용 안내,시스템운영부,2025-07-17,246,https://www.i-sh.co.kr/main/lay2/program/S1T294C295/www/brd/m_241/view.do?seq=291116
5023,서울주택도시개발공사 2025년 청년 체험형 인턴 채용공고,인사부,2025-07-15,5945,https://www.i-sh.co.kr/main/lay2/program/S1T294C295/www/brd/m_241/view.do?seq=290981
5022,서울 영등포 공공주택지구 대토보상 재공고,보상총괄부,2025-07-15,2723,https://www.i-sh.co.kr/main/lay2/program/S1T294C295/www/brd/m_241/view.do?seq=291035
5021,[수정] 2025년 위국헌신청년주택(부상제대군인 청년 매입임대주택) 입주자 모집 공고(2025. 7. 15.),매입주택공급부,2025-07-15,3205,https://www.i-sh.co.kr/main/lay2/program/S1T294C295/www/brd/m_241/view.do?seq=291028
5020,공동주택 생활에티켓 안내문,주택관리부,2025-07-15,584,https://www.i-sh.co.kr/main/lay2/program/S1T294C295/www/brd/m_241/view.do?seq=291029
5019,주거복지직 대체인력뱅크 4회차 채용 면접대상자 안내,인사부,2025-07-14,688,https://www.i-sh.co.kr/main/lay2/program/S1T294C295/www/brd/m_241/view.do?seq=290949
5018,위례 의료복합용지 민간사업자 공모 우선협상대상자 선정 공지,도시계획부,2025-07-14,1523,https://www.i-sh.co.kr/main/lay2/program/S1T294C295/www/brd/m_241/view.do?seq=290982
5017,[메이플자이] 장기전세주택1 입주안내문 게시,서초주거안심종합센터,2025-07-14,248,https://www.i-sh.co.kr/main/lay2/program/S1T294C295/www/brd/m_241/view.do?seq=290947
5016,2024년 2차 청년안심주택(2024. 7. 26. 공고) 예비4차 당첨자 발표,맞춤주택공급부,2025-07-11,21470,https://www.i-sh.co.kr/main/lay2/program/S1T294C295/www/brd/m_241/view.do?seq=290868
5015,2024년 제1차 국민임대주택(2024.09.26.공고) 예비2차 당첨자 및 동호배정 결과,공공주택공급부,2025-07-11,11601,https://www.i-sh.co.kr/main/lay2/program/S1T294C295/www/brd/m_241/view.do?seq=290846
5014,2021년 제1차 국민임대주택(2021.09.24.공고) 예비16차 당첨자 및 동호배정 결과,공공주택공급부,2025-07-11,4324,https://www.i-sh.co.kr/main/lay2/program/S1T294C295/www/brd/m_241/view.do?seq=290842
5013,마곡지구 편익시설용지 분양 재공고,분양부,2025-07-10,1423,https://www.i-sh.co.kr/main/lay2/program/S1T294C295/www/brd/m_241/view.do?seq=290807
5012,고덕강일지구 및 내곡도시형생활주택 단지내 상가 중개알선 수수료 지급 선착순 분양 공고,자산운영부,2025-07-10,1573,https://www.i-sh.co.kr/main/lay2/program/S1T294C295/www/brd/m_241/view.do?seq=290767
5011,(7.10(목) 18시 마감) 주거복지직 대체인력뱅크 상시모집 4회차 채용계획 안내,인사부,2025-07-10,2040,https://www.i-sh.co.kr/main/lay2/program/S1T294C295/www/brd/m_241/view.do?seq=290530
5010,2025년 만리동 예술인 협동조합주택 잔여세대 입주자 모집공고(수정),맞춤주택공급부,2025-07-07,13046,https://www.i-sh.co.kr/main/lay2/program/S1T294C295/www/brd/m_241/view.do?seq=290666
5009,"위례지구 단독주택용지(주거전용, 점포겸용) 선착순수의계약 분양 공고",분양부,2025-07-07,12431,https://www.i-sh.co.kr/main/lay2/program/S1T294C295/www/brd/m_241/view.do?seq=290656
5008,위례지구 용지(업무3 및 주차장2) 선착순수의계약 분양 공고,분양부,2025-07-07,4542,https://www.i-sh.co.kr/main/lay2/program/S1T294C295/www/brd/m_241/view.do?seq=290652
5007,홈페이지 일부 서비스 중단 안내,시스템운영부,2025-07-04,1031,https://www.i-sh.co.kr/main/lay2/program/S1T294C295/www/brd/m_241/view.do?seq=290558
5006,[센터스퀘어발산] 예비1차 입주안내문,강서주거안심종합센터,2025-07-03,125,https://www.i-sh.co.kr/main/lay2/program/S1T294C295/www/brd/m_241/view.do?seq=290541
5005,마곡지구 편익시설용지(S6 등) 개찰 결과,분양부,2025-07-03,1082,https://www.i-sh.co.kr/main/lay2/program/S1T294C295/www/brd/m_241/view.do?seq=290535
5004,서울주택도시공사 임대공급관리원 육아휴직 대체인력 채용 공고,인사부,2025-07-03,2050,https://www.i-sh.co.kr/main/lay2/program/S1T294C295/www/brd/m_241/view.do?seq=290087
5003,세이지움 개봉 청년안심주택 예비1차 입주 안내문,구로주거안심종합센터,2025-07-03,1508,https://www.i-sh.co.kr/main/lay2/program/S1T294C295/www/brd/m_241/view.do?seq=290540
5002,2025년 신혼·신생아Ⅰ 전세임대 입주자 정기모집공고(2025.6.11.) 서류심사대상자 발표 및 자격심사 서류제출 안내,전세주택공급부,2025-07-02,24478,https://www.i-sh.co.kr/main/lay2/program/S1T294C295/www/brd/m_241/view.do?seq=290428
5001,2025년도 제2차 신축약정 매입임대주택 매입공고(수정),주택매입사업부,2025-06-30,11952,https://www.i-sh.co.kr/main/lay2/program/S1T294C295/www/brd/m_241/view.do?seq=290369
5000,2025년 전세임대형 든든주택 입주자 모집 공고(2025.6.30.),전세주택공급부,2025-06-30,119487,https://www.i-sh.co.kr/main/lay2/program/S1T294C295/www/brd/m_241/view.do?seq=290351
4999,2025년 창동 아우르네빌리지 입주자 모집공고(2025.2.21. 공고) 당첨자 및 예비자 발표,공공주택공급부,2025-06-30,6635,https://www.i-sh.co.kr/main/lay2/program/S1T294C295/www/brd/m_241/view.do?seq=290320
4998,"고덕강일지구2단지 분양상가(고덕온빛채근린생활시설,바이크스테이션) 건물소유권이전등기 시행",수납부,2025-06-30,12583,https://www.i-sh.co.kr/main/lay2/program/S1T294C295/www/brd/m_241/view.do?seq=290359
4997,"2025년 상반기 일반 매입임대주택(다가구,원룸) 입주대기자 선정결과 발표",매입주택공급부,2025-06-27,17941,https://www.i-sh.co.kr/main/lay2/program/S1T294C295/www/brd/m_241/view.do?seq=290188
4996,2025년 1차 청년 매입임대주택 입주자모집공고(2025. 6. 27.) (수정),매입주택공급부,2025-06-27,280536,https://www.i-sh.co.kr/main/lay2/program/S1T294C295/www/brd/m_241/view.do?seq=290219
4995,2025년 2차 행복주택 입주자 모집공고(2025.06.27. 공고),공공주택공급부,2025-06-27,532758,https://www.i-sh.co.kr/main/lay2/program/S1T294C295/www/brd/m_241/view.do?seq=290172
4994,[메이플자이] 준공인가증 게시,서초주거안심종합센터,2025-06-27,143,https://www.i-sh.co.kr/main/lay2/program/S1T294C295/www/brd/m_241/view.do?seq=290251
4993,휘경자이디센시아(휘경3)준공인가증 게시,동대문주거안심종합센터,2025-06-27,1655,https://www.i-sh.co.kr/main/lay2/program/S1T294C295/www/brd/m_241/view.do?seq=290235
4992,전산작업에 따른 서비스(가상계좌) 중단 안내,시스템운영부,2025-06-26,271,https://www.i-sh.co.kr/main/lay2/program/S1T294C295/www/brd/m_241/view.do?seq=290162
4991,중화1구역(리버센SK뷰롯데캐슬) 입주안내문,중랑주거안심종합센터,2025-06-25,177,https://www.i-sh.co.kr/main/lay2/program/S1T294C295/www/brd/m_241/view.do?seq=290120
4990,위례 의료복합용지 민간사업자 공모사업 공모지침서 변경 공지,마곡위례사업부,2025-06-24,1350,https://www.i-sh.co.kr/main/lay2/program/S1T294C295/www/brd/m_241/view.do?seq=290089
4989,자립준비청년 2025년 상반기 청년 매입임대주택 우선공급 입주자 모집공고(2025.5.29.) 최종접수현황 게시,매입주택공급부,2025-06-23,14118,https://www.i-sh.co.kr/main/lay2/program/S1T294C295/www/brd/m_241/view.do?seq=289841
4988,[예비1차] 1~2인가구를 위한 도시형생활주택 모집공고(2024.12.27.) 당첨자 발표,맞춤주택공급부,2025-06-23,10463,https://www.i-sh.co.kr/main/lay2/program/S1T294C295/www/brd/m_241/view.do?seq=290021
4987,"위례지구 단독주택용지(주거전용, 점포겸용) 최종 낙찰 결과 안내(재공고)",분양부,2025-06-23,1714,https://www.i-sh.co.kr/main/lay2/program/S1T294C295/www/brd/m_241/view.do?seq=290020
4986,제47차 장기전세주택 입주자 모집공고(2025.4.30.) 서류심사대상자 발표 및 서류 제출 안내,미리내집공급부,2025-06-20,33250,https://www.i-sh.co.kr/main/lay2/program/S1T294C295/www/brd/m_241/view.do?seq=289931
4985,서대문센트럴아이파크 입주안내(수정),은평주거안심종합센터,2025-06-20,524,https://www.i-sh.co.kr/main/lay2/program/S1T294C295/www/brd/m_241/view.do?seq=289928
4984,[센터스퀘어발산] 공공임대 입주안내문,강서주거안심종합센터,2025-06-19,176,https://www.i-sh.co.kr/main/lay2/program/S1T294C295/www/brd/m_241/view.do?seq=289890
4983,"위례지구 용지분양(업무3, 업무1,31) 개찰 결과",분양부,2025-06-19,2540,https://www.i-sh.co.kr/main/lay2/program/S1T294C295/www/brd/m_241/view.do?seq=285758
4982,씨드큐브 창동 오피스(업무시설) 선착순 수의계약 임대 공고,자산운영부,2025-06-19,5121,https://www.i-sh.co.kr/main/lay2/program/S1T294C295/www/brd/m_241/view.do?seq=289886
4981,e편한세상 답십리 아르테포레 단지내 상가 선착순 수의계약 분양 공고,정비사업지원부,2025-06-18,1169,https://www.i-sh.co.kr/main/lay2/program/S1T294C295/www/brd/m_241/view.do?seq=289779
4980,2025년도 1차 임대상가 재공급 모집공고(2025.05.19.) 당첨자 및 예비당첨자 발표,자산운영부,2025-06-17,1214,https://www.i-sh.co.kr/main/lay2/program/S1T294C295/www/brd/m_241/view.do?seq=289752
4979,「제27회 SH 어린이 그림그리기 대회」 수상작 발표,소통협력부,2025-06-17,514,https://www.i-sh.co.kr/main/lay2/program/S1T294C295/www/brd/m_241/view.do?seq=289759
4978,세이지움 개봉 청년안심주택 예비1차 당첨자 주택공개 및 사전점검 안내문 게시,구로주거안심종합센터,2025-06-17,1311,https://www.i-sh.co.kr/main/lay2/program/S1T294C295/www/brd/m_241/view.do?seq=289772
4977,휘경자이디센시아(휘경3) 입주안내문 게시,동대문주거안심종합센터,2025-06-17,1655,https://www.i-sh.co.kr/main/lay2/program/S1T294C295/www/brd/m_241/view.do?seq=289744
4976,장기안심주택 2025년 10월 재계약대상자 입주자격 심사결과,맞춤주택공급부,2025-06-16,5894,https://www.i-sh.co.kr/main/lay2/program/S1T294C295/www/brd/m_241/view.do?seq=289713
4975,제2차 장기전세주택2(2024.08.30.공고) 예비 3차 입주대상자 발표,미리내집공급부,2025-06-13,5724,https://www.i-sh.co.kr/main/lay2/program/S1T294C295/www/brd/m_241/view.do?seq=289575
4974,2024년 3차 청년안심주택(2024. 12. 23. 공고) 예비1차 당첨자 발표,맞춤주택공급부,2025-06-13,13757,https://www.i-sh.co.kr/main/lay2/program/S1T294C295/www/brd/m_241/view.do?seq=289617
4973,2023년 제1차 국민임대주택(2023.06.23.공고) 예비9차 당첨자 및 동호배정 결과,공공주택공급부,2025-06-13,5690,https://www.i-sh.co.kr/main/lay2/program/S1T294C295/www/brd/m_241/view.do?seq=289614
4972,2022년 제1차 국민임대주택(2022.05.20.공고) 예비16차 당첨자 및 동호배정 결과,공공주택공급부,2025-06-13,2703,https://www.i-sh.co.kr/main/lay2/program/S1T294C295/www/brd/m_241/view.do?seq=289613
4971,장기안심주택 2025년 11월 재계약 대상자 입주자격 심사서류 제출 안내,맞춤주택공급부,2025-06-13,3078,https://www.i-sh.co.kr/main/lay2/program/S1T294C295/www/brd/m_241/view.do?seq=289601
4970,전산작업에 따른 서비스 이용 안내,시스템운영부,2025-06-12,2321,https://www.i-sh.co.kr/main/lay2/program/S1T294C295/www/brd/m_241/view.do?seq=289577
4969,[수정] [메이플자이] 장기전세주택2(미리내집) 입주안내문 게시,서초주거안심종합센터,2025-06-12,348,https://www.i-sh.co.kr/main/lay2/program/S1T294C295/www/brd/m_241/view.do?seq=289576
4968,제46차 장기전세주택 입주자 모집 공고(2024.12.26. 공고) 당첨자 및 예비입주자 발표,미리내집공급부,2025-06-12,15043,https://www.i-sh.co.kr/main/lay2/program/S1T294C295/www/brd/m_241/view.do?seq=289490
4967,2025년 서울시 청년월세지원 모집공고,청년월세지원센터(TF),2025-06-11,7020,https://www.i-sh.co.kr/main/lay2/program/S1T294C295/www/brd/m_241/view.do?seq=289516
4966,2025년 신혼·신생아(Ⅰ유형) 전세임대 입주자 모집 공고(2025.6.11.),전세주택공급부,2025-06-11,85328,https://www.i-sh.co.kr/main/lay2/program/S1T294C295/www/brd/m_241/view.do?seq=289479
4965,고덕강일지구 자족기능시설용지 일반분양 공고 (자족3BL),분양부,2025-06-11,6859,https://www.i-sh.co.kr/main/lay2/program/S1T294C295/www/brd/m_241/view.do?seq=289329
4964,고덕강일지구 및 내곡도시형생활주택 단지내 상가 선착순 분양 공고,자산운영부,2025-06-09,1312,https://www.i-sh.co.kr/main/lay2/program/S1T294C295/www/brd/m_241/view.do?seq=289435
4963,마곡지구 편익시설용지 분양 공고,분양부,2025-06-09,2907,https://www.i-sh.co.kr/main/lay2/program/S1T294C295/www/brd/m_241/view.do?seq=289428
4962,송파창의혁신지구(옛 성동구치소 부지) 업무시설용지 일반분양 공고(재공고),분양부,2025-06-09,4701,https://www.i-sh.co.kr/main/lay2/program/S1T294C295/www/brd/m_241/view.do?seq=289347
4961,2025년 서울주택도시공사 건설현장 안전점검 수행기관 등록명부 공개,예방안전부,2025-06-09,525,https://www.i-sh.co.kr/main/lay2/program/S1T294C295/www/brd/m_241/view.do?seq=289416
4960,[센터스퀘어발산] 동명칭 관련 대출기관 제출 공문,강서주거안심종합센터,2025-06-05,77,https://www.i-sh.co.kr/main/lay2/program/S1T294C295/www/brd/m_241/view.do?seq=289345
4959,[토지임대부 사회주택] 옥류정원 입주자 모집공고 2차 운영자: ㈜브릭),빈집사업부,2025-06-05,3603,https://www.i-sh.co.kr/main/lay2/program/S1T294C295/www/brd/m_241/view.do?seq=289354
4958,[센터스퀘어발산] 주소지 지번변경 내역 안내,강서주거안심종합센터,2025-06-04,56,https://www.i-sh.co.kr/main/lay2/program/S1T294C295/www/brd/m_241/view.do?seq=289281
4957,세이지움 개봉 청년안심주택 주차장 이용 안내문,구로주거안심종합센터,2025-06-04,939,https://www.i-sh.co.kr/main/lay2/program/S1T294C295/www/brd/m_241/view.do?seq=289299
4956,가든파이브 툴동 1층 상가분양 수의계약 공고,가든파이브관리부,2025-06-04,818,https://www.i-sh.co.kr/main/lay2/program/S1T294C295/www/brd/m_241/view.do?seq=289130
4955,2025년 기존주택 전세임대 입주자 모집공고(2025. 2. 5.)입주대상자 발표,전세주택공급부,2025-05-30,5466,https://www.i-sh.co.kr/main/lay2/program/S1T294C295/www/brd/m_241/view.do?seq=289153
4954,제3차 장기전세주택2(2024.12.20.공고) 예비 1차 입주대상자 발표,미리내집공급부,2025-05-30,13879,https://www.i-sh.co.kr/main/lay2/program/S1T294C295/www/brd/m_241/view.do?seq=289116
4953,용산국제업무지구 도시개발사업 보상계획 공고,보상총괄부,2025-05-30,5021,https://www.i-sh.co.kr/main/lay2/program/S1T294C295/www/brd/m_241/view.do?seq=289083
4952,자립준비청년 2025년 상반기 청년 매입임대주택 우선공급 입주자모집 공고(2025. 5. 29.),매입주택공급부,2025-05-29,73744,https://www.i-sh.co.kr/main/lay2/program/S1T294C295/www/brd/m_241/view.do?seq=289048
4951,위례 의료복합용지 개발사업 민간사업자 공모 변경 일정 공지(2차),마곡위례사업부,2025-05-28,1049,https://www.i-sh.co.kr/main/lay2/program/S1T294C295/www/brd/m_241/view.do?seq=289041
4950,서울고덕강일공공주택지구 추정 택지조성원가(2차 재산정) 공개,사업관리부,2025-05-27,1120,https://www.i-sh.co.kr/main/lay2/program/S1T294C295/www/brd/m_241/view.do?seq=288983
4949,골드타워 청년안심주택 입주안내문 게시,관악주거안심종합센터,2025-05-26,2459,https://www.i-sh.co.kr/main/lay2/program/S1T294C295/www/brd/m_241/view.do?seq=288925
4948,[당첨자 발표] 2024년 2차 청년 매입임대주택 입주자모집(2024.12.26.) 당첨자 및 예비자 발표,매입주택공급부,2025-05-23,14353,https://www.i-sh.co.kr/main/lay2/program/S1T294C295/www/brd/m_241/view.do?seq=288814
4947,"위례지구 단독주택용지(주거전용, 점포겸용) 일반분양 재공고",분양부,2025-05-23,13034,https://www.i-sh.co.kr/main/lay2/program/S1T294C295/www/brd/m_241/view.do?seq=288778
4946,고덕강일지구 및 내곡도시형생활주택 단지내 상가 선착순 분양 공고,자산운영부,2025-05-22,3662,https://www.i-sh.co.kr/main/lay2/program/S1T294C295/www/brd/m_241/view.do?seq=288654
4945,고덕강일지구 생활대책용지(상업시설용지 2BL) 공급 공고,분양부,2025-05-21,1705,https://www.i-sh.co.kr/main/lay2/program/S1T294C295/www/brd/m_241/view.do?seq=288730
4944,제47차 장기전세주택(2025.4.30.) 최종 청약접수 결과,미리내집공급부,2025-05-21,20924,https://www.i-sh.co.kr/main/lay2/program/S1T294C295/www/brd/m_241/view.do?seq=288689
4943,가든파이브 라이프 잔여상가 선착순 수의계약 분양 공고,가든파이브관리부,2025-05-21,955,https://www.i-sh.co.kr/main/lay2/program/S1T294C295/www/brd/m_241/view.do?seq=288546
4942,서울주택도시공사 특정업무직 및 공무직 최종합격자 발표 및 임용등록 안내,인사부,2025-05-20,1797,https://www.i-sh.co.kr/main/lay2/program/S1T294C295/www/brd/m_241/view.do?seq=288485
4941,세이지움 개봉 청년안심주택 입주안내문 게시,구로주거안심종합센터,2025-05-20,2850,https://www.i-sh.co.kr/main/lay2/program/S1T294C295/www/brd/m_241/view.do?seq=288647
4940,2025년 1차 행복주택 서류심사 대상자 발표 및 서류 제출 안내,공공주택공급부,2025-05-19,27680,https://www.i-sh.co.kr/main/lay2/program/S1T294C295/www/brd/m_241/view.do?seq=288468
4939,장기안심주택 2025년 9월 재계약대상자 입주자격 심사결과,맞춤주택공급부,2025-05-19,6021,https://www.i-sh.co.kr/main/lay2/program/S1T294C295/www/brd/m_241/view.do?seq=288564
4938,송파창의혁신지구(옛 성동구치소 부지) 업무시설용지 개찰결과,분양부,2025-05-19,680,https://www.i-sh.co.kr/main/lay2/program/S1T294C295/www/brd/m_241/view.do?seq=288752
4937,2025년 1차 임대상가 재공급 모집공고,자산운영부,2025-05-19,1954,https://www.i-sh.co.kr/main/lay2/program/S1T294C295/www/brd/m_241/view.do?seq=288492
4936,제47차 장기전세주택 입주자 모집공고(2025.4.30.) 1순위 청약접수 결과 및 2순위 청약접수 단지 안내,미리내집공급부,2025-05-19,24254,https://www.i-sh.co.kr/main/lay2/program/S1T294C295/www/brd/m_241/view.do?seq=288464
4935,제3기 SH 홈즈자문단 모집공고,건축기술부,2025-05-19,1003,https://www.i-sh.co.kr/main/lay2/program/S1T294C295/www/brd/m_241/view.do?seq=288461
4934,[청년안심주택] 마장 한영스테이(마장동783-5외) 사용승인서 게시,성동주거안심종합센터,2025-05-19,174,https://www.i-sh.co.kr/main/lay2/program/S1T294C295/www/brd/m_241/view.do?seq=288549
4933,[센터스퀘어발산] 상호전환시 임대조건 변경표,강서주거안심종합센터,2025-05-18,86,https://www.i-sh.co.kr/main/lay2/program/S1T294C295/www/brd/m_241/view.do?seq=288533
4932,2024년 2차 행복주택(2024.12.27.공고) 당첨자 및 예비자 발표,공공주택공급부,2025-05-16,14514,https://www.i-sh.co.kr/main/lay2/program/S1T294C295/www/brd/m_241/view.do?seq=288319
4931,e편한세상 답십리 아르테포레 단지내 상가 분양(입찰) 공고 개찰결과 게시,정비사업지원부,2025-05-16,759,https://www.i-sh.co.kr/main/lay2/program/S1T294C295/www/brd/m_241/view.do?seq=288483
4930,고덕온빛채 사용검사필증 게시,강동주거안심종합센터,2025-05-16,163,https://www.i-sh.co.kr/main/lay2/program/S1T294C295/www/brd/m_241/view.do?seq=288452
4929,위례지구 용지(업무시설용지) 일반분양 공고,분양부,2025-05-16,1884,https://www.i-sh.co.kr/main/lay2/program/S1T294C295/www/brd/m_241/view.do?seq=288426
4928,2025년 성동주거안심종합센터 희망돌보미(사무지원) 2차 채용 공고,성동주거안심종합센터,2025-05-16,89,https://www.i-sh.co.kr/main/lay2/program/S1T294C295/www/brd/m_241/view.do?seq=288487
4927,2025년 2차 은평주거안심종합센터 희망돌보미(사무지원) 모집공고,은평주거안심종합센터,2025-05-16,164,https://www.i-sh.co.kr/main/lay2/program/S1T294C295/www/brd/m_241/view.do?seq=288459
4926,2024년 제1차 국민임대주택(2024.09.26.공고) 예비1차 당첨자 및 동호배정 결과,공공주택공급부,2025-05-15,8648,https://www.i-sh.co.kr/main/lay2/program/S1T294C295/www/brd/m_241/view.do?seq=288410
4925,고덕강일지구 용지 분양 공고 개찰결과 게시,분양부,2025-05-15,954,https://www.i-sh.co.kr/main/lay2/program/S1T294C295/www/brd/m_241/view.do?seq=288416
4924,"서울주택도시공사 2025년 신입사원(사무기술직, 주거복지직) 최종합격자 발표 및 임용등록 안내",인사부,2025-05-14,3687,https://www.i-sh.co.kr/main/lay2/program/S1T294C295/www/brd/m_241/view.do?seq=288367
4923,[토지임대부 사회주택] 옥류정원 입주자 모집공고 (운영자: ㈜브릭),빈집사업부,2025-05-14,2981,https://www.i-sh.co.kr/main/lay2/program/S1T294C295/www/brd/m_241/view.do?seq=288340
4922,장기안심주택 2025년 10월 재계약대상자 입주자격 심사서류 제출안내,맞춤주택공급부,2025-05-13,5256,https://www.i-sh.co.kr/main/lay2/program/S1T294C295/www/brd/m_241/view.do?seq=288273
4921,다동근린공원 조성사업 보상계획 공고,수탁보상부,2025-05-13,3475,https://www.i-sh.co.kr/main/lay2/program/S1T294C295/www/brd/m_241/view.do?seq=288288
4920,2025년 1차 행복주택 입주자 모집(2025.04.25.공고) 최종 청약 경쟁률 게시,공공주택공급부,2025-05-13,67343,https://www.i-sh.co.kr/main/lay2/program/S1T294C295/www/brd/m_241/view.do?seq=288199
4919,2025년 1차 청년안심주택(공공임대) 서류심사대상자 발표(2025.04.09.공고),맞춤주택공급부,2025-05-09,68059,https://www.i-sh.co.kr/main/lay2/program/S1T294C295/www/brd/m_241/view.do?seq=288124
4918,가든파이브 라이프동 패션관 10층 상가 일괄분양 공고,가든파이브관리부,2025-05-09,1145,https://www.i-sh.co.kr/main/lay2/program/S1T294C295/www/brd/m_241/view.do?seq=288068
4917,2025년도 건설약정 매입임대주택 매입공고(수정) 및 사전컨설팅 시행 안내,노후주택사업부,2025-05-09,3257,https://www.i-sh.co.kr/main/lay2/program/S1T294C295/www/brd/m_241/view.do?seq=288041
4916,[서울대벤처타운역 푸르지오] 준공인가증 게시,관악주거안심종합센터,2025-05-07,895,https://www.i-sh.co.kr/main/lay2/program/S1T294C295/www/brd/m_241/view.do?seq=288021
4915,"서울주택도시공사 특정업무직(건물유지관리원) 필기전형, 공무직(경비원 및 후생원) 체력검정 결과 및 면접전형 공고",인사부,2025-05-02,1240,https://www.i-sh.co.kr/main/lay2/program/S1T294C295/www/brd/m_241/view.do?seq=287788
4914,2021년 제1차 국민임대주택(2021.09.24.공고) 예비15차 당첨자 및 동호배정 결과,공공주택공급부,2025-05-02,12789,https://www.i-sh.co.kr/main/lay2/program/S1T294C295/www/brd/m_241/view.do?seq=287897
4913,2024년 3차 청년안심주택(2024.12.23.공고) 당첨자 및 예비자 발표,맞춤주택공급부,2025-04-30,32820,https://www.i-sh.co.kr/main/lay2/program/S1T294C295/www/brd/m_241/view.do?seq=287808
4912,제47차 장기전세주택 입주자 모집공고 (2025.4.30. 공고),미리내집공급부,2025-04-30,325632,https://www.i-sh.co.kr/main/lay2/program/S1T294C295/www/brd/m_241/view.do?seq=287727
4911,고덕강일2BL(고덕 온빛채) 입주안내문 게시,강동주거안심종합센터,2025-04-30,3390,https://www.i-sh.co.kr/main/lay2/program/S1T294C295/www/brd/m_241/view.do?seq=287825
4910,e편한세상 답십리 아르테포레 단지내 상가 분양(입찰) 공고,정비사업지원부,2025-04-30,1431,https://www.i-sh.co.kr/main/lay2/program/S1T294C295/www/brd/m_241/view.do?seq=287734
4909,"위례지구 단독주택용지(주거전용, 점포겸용) 최종 낙찰 결과 안내",분양부,2025-04-30,1363,https://www.i-sh.co.kr/main/lay2/program/S1T294C295/www/brd/m_241/view.do?seq=287758
4908,세이지움 개봉 청년안심주택 주택공개 및 사전점검 안내문 게시,구로주거안심종합센터,2025-04-30,2125,https://www.i-sh.co.kr/main/lay2/program/S1T294C295/www/brd/m_241/view.do?seq=287846
4907,2025년도 건설공사 안전점검 수행기관 조달청 등록명부 활용 안내,예방안전부,2025-04-30,535,https://www.i-sh.co.kr/main/lay2/program/S1T294C295/www/brd/m_241/view.do?seq=287796
4906,위례 의료복합용지 개발사업 민간사업자 공모 변경일정 공지,마곡위례사업부,2025-04-29,1132,https://www.i-sh.co.kr/main/lay2/program/S1T294C295/www/brd/m_241/view.do?seq=287714
4905,고덕강일2BL(고덕 온빛채) 이사예약 안내문 게시,강동주거안심종합센터,2025-04-28,1497,https://www.i-sh.co.kr/main/lay2/program/S1T294C295/www/brd/m_241/view.do?seq=287679
4904,2025년 제1차 보증금지원형 장기안심주택 신규 입주자 모집공고,맞춤주택공급부,2025-04-28,204858,https://www.i-sh.co.kr/main/lay2/program/S1T294C295/www/brd/m_241/view.do?seq=287311
4903,가든파이브 라이프동 잔여상가 2차 분양공고,가든파이브관리부,2025-04-28,1180,https://www.i-sh.co.kr/main/lay2/program/S1T294C295/www/brd/m_241/view.do?seq=287534
4902,제3차 장기전세주택2(2024.12.20. 공고) 당첨자 및 예비입주자 발표,미리내집공급부,2025-04-25,19483,https://www.i-sh.co.kr/main/lay2/program/S1T294C295/www/brd/m_241/view.do?seq=287598
4901,[정정] 2025년 1차 행복주택 입주자 모집공고 (2025. 4. 25. 공고),공공주택공급부,2025-04-25,213913,https://www.i-sh.co.kr/main/lay2/program/S1T294C295/www/brd/m_241/view.do?seq=287466
4900,청년안심주택(세이지움 개봉) 사용검사 확인증 게시,구로주거안심종합센터,2025-04-25,1585,https://www.i-sh.co.kr/main/lay2/program/S1T294C295/www/brd/m_241/view.do?seq=287565
4899,가든파이브 툴동 1층 상가분양 2차 공고,가든파이브관리부,2025-04-23,834,https://www.i-sh.co.kr/main/lay2/program/S1T294C295/www/brd/m_241/view.do?seq=287387
4898,"2025년 신입사원(사무기술직, 주거복지직) 필기전형 합격자 발표 및 면접전형 안내",인사부,2025-04-22,3947,https://www.i-sh.co.kr/main/lay2/program/S1T294C295/www/brd/m_241/view.do?seq=287402
4897,서울주택도시공사 공무직(경비원 및 후생원) 서류전형 합격자 발표 및 체력검정 공고,인사부,2025-04-18,1291,https://www.i-sh.co.kr/main/lay2/program/S1T294C295/www/brd/m_241/view.do?seq=287208
4896,서울주택도시공사 특정업무직(건물유지관리원) 서류전형 합격자 발표 및 적성·인성 검사 공고,인사부,2025-04-18,819,https://www.i-sh.co.kr/main/lay2/program/S1T294C295/www/brd/m_241/view.do?seq=287207
4895,2024년 2차 청년안심주택(2024. 7. 26. 공고) 예비3차 당첨자 발표,맞춤주택공급부,2025-04-18,27514,https://www.i-sh.co.kr/main/lay2/program/S1T294C295/www/brd/m_241/view.do?seq=287233
4894,2024년 제1차 국민임대주택(2024.9.26 공고) 계약 결과 알림,공공주택공급부,2025-04-18,10636,https://www.i-sh.co.kr/main/lay2/program/S1T294C295/www/brd/m_241/view.do?seq=287160
4893,2022년 제1차 국민임대주택(2022.5.20.공고) 예비15차 당첨자 및 동호배정 결과,공공주택공급부,2025-04-18,3776,https://www.i-sh.co.kr/main/lay2/program/S1T294C295/www/brd/m_241/view.do?seq=287230
4892,2023년 제1차 국민임대주택(2023.06.23.공고) 예비8차 당첨자 및 동호배정 결과,공공주택공급부,2025-04-18,3599,https://www.i-sh.co.kr/main/lay2/program/S1T294C295/www/brd/m_241/view.do?seq=287228
4891,2024년 영구임대 예비입주자 선정 명단 발표,공공주택공급부,2025-04-18,8092,https://www.i-sh.co.kr/main/lay2/program/S1T294C295/www/brd/m_241/view.do?seq=287055
4890,2025년도 제1차 신축약정 매입임대주택 매도인 추천 감정평가법인 선정 결과 공개,주택매입사업부,2025-04-17,2861,https://www.i-sh.co.kr/main/lay2/program/S1T294C295/www/brd/m_241/view.do?seq=287186
4889,2025년도 청년안심주택 매입공고,청년주택부,2025-04-16,13527,https://www.i-sh.co.kr/main/lay2/program/S1T294C295/www/brd/m_241/view.do?seq=287132
4888,장기안심주택 2025년 9월 재계약대상자 입주자격 심사서류 제출안내,맞춤주택공급부,2025-04-16,3641,https://www.i-sh.co.kr/main/lay2/program/S1T294C295/www/brd/m_241/view.do?seq=287105
4887,장기안심주택 2025년 8월 재계약대상자 입주자격 심사결과,맞춤주택공급부,2025-04-16,2753,https://www.i-sh.co.kr/main/lay2/program/S1T294C295/www/brd/m_241/view.do?seq=287104
4886,송파창의혁신지구(옛 성동구치소 부지) 업무시설용지 일반분양 공고,분양부,2025-04-14,12081,https://www.i-sh.co.kr/main/lay2/program/S1T294C295/www/brd/m_241/view.do?seq=286894
4885,제4차 장기전세주택2 입주자 모집 공고(2025.04.11.),미리내집공급부,2025-04-11,251572,https://www.i-sh.co.kr/main/lay2/program/S1T294C295/www/brd/m_241/view.do?seq=286879
4884,2025년 1차 청년안심주택(공공임대) 입주자 모집공고(2025.04.09.),맞춤주택공급부,2025-04-09,348158,https://www.i-sh.co.kr/main/lay2/program/S1T294C295/www/brd/m_241/view.do?seq=286814
4883,[길음 롯데캐슬 트윈골드]준공인가증 게시,성북주거안심종합센터,2025-04-09,1460,https://www.i-sh.co.kr/main/lay2/program/S1T294C295/www/brd/m_241/view.do?seq=286737
4882,협력사 ESG경영 평가 지원 참여기업 모집,ESG혁신부,2025-04-07,548,https://www.i-sh.co.kr/main/lay2/program/S1T294C295/www/brd/m_241/view.do?seq=286692
4881,제2차 장기전세주택2(2024.08.30.공고) 예비 2차 입주대상자 발표,미리내집공급부,2025-04-04,12737,https://www.i-sh.co.kr/main/lay2/program/S1T294C295/www/brd/m_241/view.do?seq=286629
4880,"서울주택도시공사 2025년 신입사원(사무기술직, 주거복지직) 서류전형 합격자 발표",인사부,2025-04-04,6174,https://www.i-sh.co.kr/main/lay2/program/S1T294C295/www/brd/m_241/view.do?seq=286611
4879,[토지임대부 사회주택] 강북구 솔매로 7다길 15 사회주택 잔여 1호 입주자 모집공고 (운영자: ㈜온썸),빈집사업부,2025-04-04,4476,https://www.i-sh.co.kr/main/lay2/program/S1T294C295/www/brd/m_241/view.do?seq=286620
4878,2024년 재개발임대주택 모집공고 당첨자 및 예비자 발표 (2024.10.11.공고),공공주택공급부,2025-04-02,10321,https://www.i-sh.co.kr/main/lay2/program/S1T294C295/www/brd/m_241/view.do?seq=286544
4877,"서울주택도시공사 특정업무직(건물유지관리원) 및 공무직(경비원,후생원) 채용 공고",인사부,2025-04-01,2010,https://www.i-sh.co.kr/main/lay2/program/S1T294C295/www/brd/m_241/view.do?seq=286377
4876,개포 구룡마을 설계공모 심사결과 공지,건축설계부,2025-03-31,1733,https://www.i-sh.co.kr/main/lay2/program/S1T294C295/www/brd/m_241/view.do?seq=286492
4875,장위자이레디언트(장위4구역)_준공인가 전 사용허가증,성북주거안심종합센터,2025-03-31,276,https://www.i-sh.co.kr/main/lay2/program/S1T294C295/www/brd/m_241/view.do?seq=286483
4874,고덕강일지구 상업시설용지 및 주차장용지 분양 공고,분양부,2025-03-31,7003,https://www.i-sh.co.kr/main/lay2/program/S1T294C295/www/brd/m_241/view.do?seq=286389
4873,제2차 장기전세주택2 입주자 모집 공고(2024.08.30. 공고) 추가 서류심사 예비입주자 발표,미리내집공급부,2025-03-28,28200,https://www.i-sh.co.kr/main/lay2/program/S1T294C295/www/brd/m_241/view.do?seq=286419
4872,2024년 제1차 국민임대주택 입주자 모집공고(2024.09.26.공고) 당첨자 및 예비자 발표,공공주택공급부,2025-03-28,19004,https://www.i-sh.co.kr/main/lay2/program/S1T294C295/www/brd/m_241/view.do?seq=286352
4871,2024년 제3차 보증금지원형 장기안심주택 당첨자 발표,맞춤주택공급부,2025-03-28,13046,https://www.i-sh.co.kr/main/lay2/program/S1T294C295/www/brd/m_241/view.do?seq=286365
4870,위례지구 용지 분양 공고(단독주택용지),분양부,2025-03-28,7993,https://www.i-sh.co.kr/main/lay2/program/S1T294C295/www/brd/m_241/view.do?seq=286380
4869,[상시 모집] 주거복지직 대체인력뱅크 채용공고,인사부,2025-03-28,8305,https://www.i-sh.co.kr/main/lay2/program/S1T294C295/www/brd/m_241/view.do?seq=278897
4868,답십리17구역 e편한세상답십리아르테포레 입주안내문 게시,동대문주거안심종합센터,2025-03-26,2792,https://www.i-sh.co.kr/main/lay2/program/S1T294C295/www/brd/m_241/view.do?seq=286339
4867,e편한세상 답십리 아르테포레(답십리 제17구역 주택재개발정비사업) 준공인가증 게시,주택정비사업부,2025-03-25,35732,https://www.i-sh.co.kr/main/lay2/program/S1T294C295/www/brd/m_241/view.do?seq=286325
4866,홈페이지 서비스 전산 작업 안내,시스템운영부,2025-03-25,1247,https://www.i-sh.co.kr/main/lay2/program/S1T294C295/www/brd/m_241/view.do?seq=286323
4865,개포 구룡마을 도시개발사업 공탁 용역 서면질의에 대한 회신 공지,수탁보상부,2025-03-24,4491,https://www.i-sh.co.kr/main/lay2/program/S1T294C295/www/brd/m_241/view.do?seq=286268
4864,더포디엄830 공공임대 입주안내문 게시,중랑주거안심종합센터,2025-03-20,358,https://www.i-sh.co.kr/main/lay2/program/S1T294C295/www/brd/m_241/view.do?seq=286162
4863,2025년도 제1차 신축약정 매입임대주택 매입공고(수정),주택매입사업부,2025-03-20,17288,https://www.i-sh.co.kr/main/lay2/program/S1T294C295/www/brd/m_241/view.do?seq=285513
4862,주거복지직 대체인력뱅크 3회차 채용 합격자발표 및 임용등록 안내,인사부,2025-03-19,780,https://www.i-sh.co.kr/main/lay2/program/S1T294C295/www/brd/m_241/view.do?seq=286117
4861,장기안심주택 2025년 7월 재계약대상자 입주자격 심사결과,맞춤주택공급부,2025-03-19,3812,https://www.i-sh.co.kr/main/lay2/program/S1T294C295/www/brd/m_241/view.do?seq=286119
4860,장기안심주택 2025년 8월 재계약대상자 입주자격 심사서류 제출안내,맞춤주택공급부,2025-03-19,3203,https://www.i-sh.co.kr/main/lay2/program/S1T294C295/www/brd/m_241/view.do?seq=286110
4859,답십리제17구역 주택재개발정비사업 보류지(아파트) 매각(입찰) 공고,정비사업지원부,2025-03-17,18003,https://www.i-sh.co.kr/main/lay2/program/S1T294C295/www/brd/m_241/view.do?seq=285630
4858,2024년 2차 청년안심주택(2024. 7. 26.공고) 예비2차 당첨자 발표,맞춤주택공급부,2025-03-14,10858,https://www.i-sh.co.kr/main/lay2/program/S1T294C295/www/brd/m_241/view.do?seq=285998
4857,2025년도 장기안심주택 주요변경사항 안내,맞춤주택공급부,2025-03-14,27393,https://www.i-sh.co.kr/main/lay2/program/S1T294C295/www/brd/m_241/view.do?seq=285995
4856,e편한세상 답십리 아르테포레 단지내 상가 분양(입찰) 공고 개찰결과 게시,정비사업지원부,2025-03-14,1016,https://www.i-sh.co.kr/main/lay2/program/S1T294C295/www/brd/m_241/view.do?seq=285985
4855,가든파이브 툴동 1층 상가분양 1차 공고,가든파이브관리부,2025-03-14,1062,https://www.i-sh.co.kr/main/lay2/program/S1T294C295/www/brd/m_241/view.do?seq=285825
4854,주거복지직 대체인력 상시모집 3회차 채용 면접대상자 발표,인사부,2025-03-13,812,https://www.i-sh.co.kr/main/lay2/program/S1T294C295/www/brd/m_241/view.do?seq=285953
4853,주거복지직 대체인력뱅크 상시모집 3회차 채용 안내,인사부,2025-03-11,1880,https://www.i-sh.co.kr/main/lay2/program/S1T294C295/www/brd/m_241/view.do?seq=285670
4852,"2025년 창동 아우르네빌리지 입주자 모집공고(일자리연계형 지원주택, 2025. 2. 21. 공고) : 신청기간 연장",공공주택공급부,2025-03-07,21186,https://www.i-sh.co.kr/main/lay2/program/S1T294C295/www/brd/m_241/view.do?seq=285742
4851,가든파이브 툴동 잔여상가 수의계약 분양공고,가든파이브관리부,2025-03-07,664,https://www.i-sh.co.kr/main/lay2/program/S1T294C295/www/brd/m_241/view.do?seq=285696
4850,청량리역롯데캐슬sky-l65 입주안내문 및 생활안내문 게시,동대문주거안심종합센터,2025-03-07,2622,https://www.i-sh.co.kr/main/lay2/program/S1T294C295/www/brd/m_241/view.do?seq=285741
4849,「힐스테이트e편한세상 문정」 아파트 장기전세 입주안내문 게시,송파주거안심종합센터,2025-03-05,622,https://www.i-sh.co.kr/main/lay2/program/S1T294C295/www/brd/m_241/view.do?seq=285674
4848,고덕강일지구 및 내곡도시형생활주택 상가 입찰(분양) 공고 개찰 결과 및 계약안내 공고,자산운영부,2025-03-05,1247,https://www.i-sh.co.kr/main/lay2/program/S1T294C295/www/brd/m_241/view.do?seq=285667
4847,서울주택도시공사 2025년 사무기술직 및 주거복지직 신입사원 채용공고,인사부,2025-03-04,16299,https://www.i-sh.co.kr/main/lay2/program/S1T294C295/www/brd/m_241/view.do?seq=285620
4846,"2025년 상반기 일반 매입임대주택(다가구,원룸) 입주대기자 모집공고(2025.02.28)",매입주택공급부,2025-02-28,98858,https://www.i-sh.co.kr/main/lay2/program/S1T294C295/www/brd/m_241/view.do?seq=285425
4845,2023년 제1차 국민임대주택(2023.06.23.공고) 예비7차 계약결과 게시,공공주택공급부,2025-02-27,9689,https://www.i-sh.co.kr/main/lay2/program/S1T294C295/www/brd/m_241/view.do?seq=285471
4844,위례 의료복합용지 개발사업 민간사업자 공모 서면질의답변서 및 수정 공모지침서 게시,마곡위례사업부,2025-02-25,1064,https://www.i-sh.co.kr/main/lay2/program/S1T294C295/www/brd/m_241/view.do?seq=285407
4843,롯데캐슬 이스트폴 장기전세2(미리내집) 입주안내문 게시,중랑주거안심종합센터,2025-02-24,748,https://www.i-sh.co.kr/main/lay2/program/S1T294C295/www/brd/m_241/view.do?seq=285347
4842,롯데캐슬 이스트폴 장기전세1 입주안내문 게시,중랑주거안심종합센터,2025-02-24,106,https://www.i-sh.co.kr/main/lay2/program/S1T294C295/www/brd/m_241/view.do?seq=285346
4841,2025년 1차 장기미임대 매입임대주택 입주자 모집공고(2025.02.21.),매입주택공급부,2025-02-21,232897,https://www.i-sh.co.kr/main/lay2/program/S1T294C295/www/brd/m_241/view.do?seq=285175
4840,e편한세상 답십리 아르테포레 단지내 상가 분양(입찰) 공고,정비사업지원부,2025-02-21,2235,https://www.i-sh.co.kr/main/lay2/program/S1T294C295/www/brd/m_241/view.do?seq=285232
4839,제46차 장기전세주택 입주자 모집공고(2024.12.26.) 서류심사대상자 발표 및 서류 제출 안내,미리내집공급부(TF),2025-02-19,44634,https://www.i-sh.co.kr/main/lay2/program/S1T294C295/www/brd/m_241/view.do?seq=285122
4838,2025년 직원 공개채용 대행용역 제안서평가위원회 결과 게시,인사부,2025-02-19,978,https://www.i-sh.co.kr/main/lay2/program/S1T294C295/www/brd/m_241/view.do?seq=285184
4837,기존주택 전세임대 임대인 안내-추가서류 요청,전세주택공급부,2025-02-18,3256,https://www.i-sh.co.kr/main/lay2/program/S1T294C295/www/brd/m_241/view.do?seq=285136
4836,고덕강일지구 단지 내 상가(2·4·6·7·9·11·13·14단지) 및 내곡도시형생활주택 내 상가 2회차 분양 입찰 공고,자산운영부,2025-02-14,1497,https://www.i-sh.co.kr/main/lay2/program/S1T294C295/www/brd/m_241/view.do?seq=284880
4835,기존주택전세임대 임대인분 중개보수 지원기준 변경안내,전세주택공급부,2025-02-13,3179,https://www.i-sh.co.kr/main/lay2/program/S1T294C295/www/brd/m_241/view.do?seq=284953
4834,서울주택도시공사 제18기 건설기술자문위원회 추가모집 결과 공고,건축기술부,2025-02-12,892,https://www.i-sh.co.kr/main/lay2/program/S1T294C295/www/brd/m_241/view.do?seq=284895
4833,2025 매력일자리(홈코디 주거상담가 인큐베이팅) 최종합격자 발표,중앙주거복지센터,2025-02-11,965,https://www.i-sh.co.kr/main/lay2/program/S1T294C295/www/brd/m_241/view.do?seq=284863
4832,[당첨자발표] 2024년 하반기 청년매입임대주택 우선공급 입주자모집[자립준비청년(보호종료아동 및 복지시설퇴소청소년)] 당첨자 및 예비자 발표,매입주택공급부,2025-02-07,6050,https://www.i-sh.co.kr/main/lay2/program/S1T294C295/www/brd/m_241/view.do?seq=284708
4831,제45차 장기전세주택 입주자 모집 공고(2024.8.29. 공고) 당첨자 및 예비입주자 발표(롯데캐슬 이스트폴 추가),미리내집공급부(TF),2025-02-07,16413,https://www.i-sh.co.kr/main/lay2/program/S1T294C295/www/brd/m_241/view.do?seq=284719
4830,2023년 제1차 국민임대주택(2023.06.23.공고) 예비7차 당첨자 및 동호배정 결과,공공주택공급부,2025-02-07,4353,https://www.i-sh.co.kr/main/lay2/program/S1T294C295/www/brd/m_241/view.do?seq=284713
4829,2022년 제1차 국민임대주택(2022.5.20.공고) 예비14차 당첨자 및 동호배정 결과,공공주택공급부,2025-02-07,2520,https://www.i-sh.co.kr/main/lay2/program/S1T294C295/www/brd/m_241/view.do?seq=284712
4828,더포디엄830 사용검사확인증 게시,중랑주거안심종합센터,2025-02-07,90,https://www.i-sh.co.kr/main/lay2/program/S1T294C295/www/brd/m_241/view.do?seq=284710
4827,2025년 기존주택 전세임대 입주자 모집공고,전세주택공급부,2025-02-05,97179,https://www.i-sh.co.kr/main/lay2/program/S1T294C295/www/brd/m_241/view.do?seq=284566
4826,가든파이브 툴동 1층 상가 일괄공급 수의계약 분양공고 종료,가든파이브관리부,2025-02-05,678,https://www.i-sh.co.kr/main/lay2/program/S1T294C295/www/brd/m_241/view.do?seq=284518
4825,광진구 롯데캐슬이스트폴 준공인가증 게시,중랑주거안심종합센터,2025-02-03,47,https://www.i-sh.co.kr/main/lay2/program/S1T294C295/www/brd/m_241/view.do?seq=284519
4824,상봉동양엔파트(예비3차) 입주안내문 게시,중랑주거안심종합센터,2025-02-03,20,https://www.i-sh.co.kr/main/lay2/program/S1T294C295/www/brd/m_241/view.do?seq=283910
4823,"서울주택도시공사 분양주택 부기등기 말소관련사항통보(송파파크데일4,5단지 토지임대부분양주택)",수납부,2025-02-01,12082,https://www.i-sh.co.kr/main/lay2/program/S1T294C295/www/brd/m_241/view.do?seq=284808
4822,2025 서울 매력일자리(홈코디 주거상담가 인큐베이팅) 서류합격자 및 면접 일정 공고,중앙주거복지센터,2025-01-31,1201,https://www.i-sh.co.kr/main/lay2/program/S1T294C295/www/brd/m_241/view.do?seq=284418
4821,제3차 장기전세주택2(2024.12.20.공고) 서류대상자 발표 및 서류제출 안내,미리내집공급부(TF),2025-01-31,32385,https://www.i-sh.co.kr/main/lay2/program/S1T294C295/www/brd/m_241/view.do?seq=284366
4820,전산작업에 따른 서비스(PASS인증서) 이용 안내,시스템운영부,2025-01-31,269,https://www.i-sh.co.kr/main/lay2/program/S1T294C295/www/brd/m_241/view.do?seq=284393
4819,2024년 2차 청년 매입임대주택(2024.12.26.) 서류심사대상자 발표 및 서류제출 안내,매입주택공급부,2025-01-24,61008,https://www.i-sh.co.kr/main/lay2/program/S1T294C295/www/brd/m_241/view.do?seq=284243
4818,2024년 2차 행복주택 서류심사 대상자 발표 및 서류 제출 안내,공공주택공급부,2025-01-24,58076,https://www.i-sh.co.kr/main/lay2/program/S1T294C295/www/brd/m_241/view.do?seq=284124
4817,「힐스테이트e편한세상 문정」 아파트 장기전세2 입주안내문 게시,송파주거안심종합센터,2025-01-24,253,https://www.i-sh.co.kr/main/lay2/program/S1T294C295/www/brd/m_241/view.do?seq=284228
4816,"위례지구 용지분양 공고(업무시설용지3,16,21 및 주차장2)",분양부,2025-01-23,17087,https://www.i-sh.co.kr/main/lay2/program/S1T294C295/www/brd/m_241/view.do?seq=284169
4815,2024년 2차 청년 매입임대주택(2024.12.26.) 인터넷 청약신청 최종 결과 및 경쟁률 공지,매입주택공급부,2025-01-22,25478,https://www.i-sh.co.kr/main/lay2/program/S1T294C295/www/brd/m_241/view.do?seq=284145
4814,제46차 장기전세주택(2024.12.26.공고) 최종 청약접수 결과 및 청약마감 안내,미리내집공급부(TF),2025-01-22,26305,https://www.i-sh.co.kr/main/lay2/program/S1T294C295/www/brd/m_241/view.do?seq=284025
4813,제46차 장기전세주택(2024.12.26.공고) 1순위 청약접수 결과 및 2순위 청약접수 단지 안내,미리내집공급부(TF),2025-01-20,20942,https://www.i-sh.co.kr/main/lay2/program/S1T294C295/www/brd/m_241/view.do?seq=283872
4812,위례지구 용지분양(업무31) 개찰 결과,분양부,2025-01-17,1421,https://www.i-sh.co.kr/main/lay2/program/S1T294C295/www/brd/m_241/view.do?seq=283918
4811,e편한세상 답십리 아르테포레 단지내 상가 분양(입찰) 공고 개찰결과 게시,정비사업지원부,2025-01-17,936,https://www.i-sh.co.kr/main/lay2/program/S1T294C295/www/brd/m_241/view.do?seq=283907
4810,2024년 2차 행복주택 입주자 모집(2024.12.27.공고) 최종 청약 경쟁률 게시,공공주택공급부,2025-01-16,36184,https://www.i-sh.co.kr/main/lay2/program/S1T294C295/www/brd/m_241/view.do?seq=283782
4809,수서역세권 공공주택지구 훼손지 복구사업 사업시행자 감정평가법인 선정 공고,용지보상부,2025-01-16,4854,https://www.i-sh.co.kr/main/lay2/program/S1T294C295/www/brd/m_241/view.do?seq=283837
4808,[래미안라그란데-이문1구역] 부분준공인가 조건 및 안내사항,동대문주거안심종합센터,2025-01-14,718,https://www.i-sh.co.kr/main/lay2/program/S1T294C295/www/brd/m_241/view.do?seq=283759
4807,[래미안라그란데(이문1)] 준공인가증 게시,동대문주거안심종합센터,2025-01-14,1380,https://www.i-sh.co.kr/main/lay2/program/S1T294C295/www/brd/m_241/view.do?seq=283758
4806,2024년 2차 청년안심주택(2024. 7. 26.공고) 예비1차 당첨자 발표,맞춤주택공급부,2025-01-10,23719,https://www.i-sh.co.kr/main/lay2/program/S1T294C295/www/brd/m_241/view.do?seq=283532
4805,전산작업에 따른 서비스(계좌확인) 이용 안내,시스템운영부,2025-01-10,281,https://www.i-sh.co.kr/main/lay2/program/S1T294C295/www/brd/m_241/view.do?seq=283556
4804,2024년 3차 청년안심주택 서류심사대상자 발표(2024.12.23.공고),맞춤주택공급부,2025-01-10,50647,https://www.i-sh.co.kr/main/lay2/program/S1T294C295/www/brd/m_241/view.do?seq=283552
4803,2023년 공공·주거환경임대주택(2023.08.11.공고) 예비6차 당첨자 및 동호배정 결과,공공주택공급부,2025-01-10,5305,https://www.i-sh.co.kr/main/lay2/program/S1T294C295/www/brd/m_241/view.do?seq=283528
4802,마곡지구 지원시설용지 및 편익시설용지 선착순 수의계약 공고,분양부,2025-01-10,17375,https://www.i-sh.co.kr/main/lay2/program/S1T294C295/www/brd/m_241/view.do?seq=283251
4801,2025년 성동주거안심종합센터 희망돌보미(사무지원) 최종합격자 발표,성동주거안심종합센터,2025-01-10,72,https://www.i-sh.co.kr/main/lay2/program/S1T294C295/www/brd/m_241/view.do?seq=283562
4800,2021년 제1차 국민임대주택(2021.09.24.공고) 예비 14차 당첨자 및 동호배정 결과,공공주택공급부,2025-01-09,7784,https://www.i-sh.co.kr/main/lay2/program/S1T294C295/www/brd/m_241/view.do?seq=283456
4799,서울주택도시공사 2024년 채용인원 중 임직원 친인척 인원수 현황 공개,인사부,2025-01-08,2047,https://www.i-sh.co.kr/main/lay2/program/S1T294C295/www/brd/m_241/view.do?seq=283411
4798,고덕강일지구 단지 내 상가(2·4·6·7·9·11·13·14단지) 및 내곡도시형생활주택 내 상가 분양(입찰)공고 개찰 결과 게시,자산운영부,2025-01-08,1252,https://www.i-sh.co.kr/main/lay2/program/S1T294C295/www/brd/m_241/view.do?seq=283393
4797,개포 구룡마을 설계공모 참가등록 결과 공지,건축설계부,2025-01-08,1071,https://www.i-sh.co.kr/main/lay2/program/S1T294C295/www/brd/m_241/view.do?seq=283378
4796,호반써밋 개봉(개봉5구역) 준공인가증 게시,구로주거안심종합센터,2025-01-07,1573,https://www.i-sh.co.kr/main/lay2/program/S1T294C295/www/brd/m_241/view.do?seq=283350
4795,힐스테이트e편한세상 문정 준공인가증 게시,송파주거안심종합센터,2025-01-07,679,https://www.i-sh.co.kr/main/lay2/program/S1T294C295/www/brd/m_241/view.do?seq=283353
4794,2024년 3차 청년안심주택(공공임대) 입주자 모집공고(2024. 12. 23.) 최종 청약경쟁률 게시,맞춤주택공급부,2025-01-07,87250,https://www.i-sh.co.kr/main/lay2/program/S1T294C295/www/brd/m_241/view.do?seq=283348
4793,「DMC VILLE 위탁운영관리용역」(SH공사 전자공고 제2024-485호) 입찰 공고 서면질의에 대한 회신 게시,주택관리부,2025-01-06,491,https://www.i-sh.co.kr/main/lay2/program/S1T294C295/www/brd/m_241/view.do?seq=283305
4792,제3차 장기전세주택2 입주자 모집 공고(2024.12.20.) 청약 접수 최종 결과,공공주택공급부,2025-01-06,74534,https://www.i-sh.co.kr/main/lay2/program/S1T294C295/www/brd/m_241/view.do?seq=283265
4791,"전산작업에 따른 서비스(휴대폰인증, 간편인증) 이용 안내",시스템운영부,2025-01-03,1768,https://www.i-sh.co.kr/main/lay2/program/S1T294C295/www/brd/m_241/view.do?seq=283179
4790,e편한세상 답십리 아르테포레 단지내 상가 분양(입찰) 공고,정비사업지원부,2025-01-03,1533,https://www.i-sh.co.kr/main/lay2/program/S1T294C295/www/brd/m_241/view.do?seq=283167
4789,2023년 제1차 국민임대주택(2023.6.23.공고) 예비6차 계약결과 게시,공공주택공급부,2025-01-03,7759,https://www.i-sh.co.kr/main/lay2/program/S1T294C295/www/brd/m_241/view.do?seq=283121
4788,래미안라그란데(이문1) 입주예약 연락처 변경 안내,동대문주거안심종합센터,2025-01-03,1305,https://www.i-sh.co.kr/main/lay2/program/S1T294C295/www/brd/m_241/view.do?seq=283136
4787,서울주택도시공사 임대료 농협카드 및 BC카드 자동납부 업무 중단 안내,수납부,2025-01-02,3084,https://www.i-sh.co.kr/main/lay2/program/S1T294C295/www/brd/m_241/view.do?seq=283013
4786,2025년 희망돌보미(사무지원) 서류합격자대상 면접심사 공고,구로주거안심종합센터,2025-01-02,105,https://www.i-sh.co.kr/main/lay2/program/S1T294C295/www/brd/m_241/view.do?seq=283015
4785,홈페이지 이용약관 개정 안내 (2025.02.01. 시행),시스템운영부,2025-01-02,436,https://www.i-sh.co.kr/main/lay2/program/S1T294C295/www/brd/m_241/view.do?seq=282959
4784,마천지구 중고등학교용지 선착순분양 신청 결과,분양부,2024-12-31,939,https://www.i-sh.co.kr/main/lay2/program/S1T294C295/www/brd/m_241/view.do?seq=282951
4783,개포 구룡마을 설계공모 공고,건축설계부,2024-12-31,1299,https://www.i-sh.co.kr/main/lay2/program/S1T294C295/www/brd/m_241/view.do?seq=282947
4782,2025년 강동주거안심종합센터 희망돌보미(사무지원) 서류심사 면접심사 공고,강동주거안심종합센터,2024-12-31,121,https://www.i-sh.co.kr/main/lay2/program/S1T294C295/www/brd/m_241/view.do?seq=282943
4781,2025년 성동주거안심종합센터 희망돌보미(사무지원) 서류합격자 대상 면접심사 공고,성동주거안심종합센터,2024-12-31,37,https://www.i-sh.co.kr/main/lay2/program/S1T294C295/www/brd/m_241/view.do?seq=282973
4780,2025년 송파주거안심종합센터 희망돌보미 면접심사 공고,송파주거안심종합센터,2024-12-31,169,https://www.i-sh.co.kr/main/lay2/program/S1T294C295/www/brd/m_241/view.do?seq=282964
4779,[힐스테이트관악 센트씨엘] (봉천 제4-1-2주택재개발정비사업조합)부분 준공인가증 게시,관악주거안심종합센터,2024-12-31,1454,https://www.i-sh.co.kr/main/lay2/program/S1T294C295/www/brd/m_241/view.do?seq=282957
4778,2025년 희망돌보미 (사무지원) 서류심사 합격자 발표,강남주거안심종합센터,2024-12-30,218,https://www.i-sh.co.kr/main/lay2/program/S1T294C295/www/brd/m_241/view.do?seq=282894
4777,수서역세권 공공주택지구 훼손지 복구사업 보상계획 및 열람 공고,용지보상부,2024-12-30,5237,https://www.i-sh.co.kr/main/lay2/program/S1T294C295/www/brd/m_241/view.do?seq=282899
4776,위례 의료복합용지 개발사업 민간사업자 공모,마곡위례사업부,2024-12-30,1596,https://www.i-sh.co.kr/main/lay2/program/S1T294C295/www/brd/m_241/view.do?seq=282767
4775,2025년 도봉주거안심종합센터 희망돌보미 면접심사 공고,도봉주거안심종합센터,2024-12-30,120,https://www.i-sh.co.kr/main/lay2/program/S1T294C295/www/brd/m_241/view.do?seq=283047
4774,래미안라그란데(이문1구역) 입주안내문 정정사항,동대문주거안심종합센터,2024-12-30,1678,https://www.i-sh.co.kr/main/lay2/program/S1T294C295/www/brd/m_241/view.do?seq=282855
4773,"2024년 하반기 일반 매입임대주택(다가구,원룸) 입주대기자 선정결과 발표",매입주택공급부,2024-12-27,13306,https://www.i-sh.co.kr/main/lay2/program/S1T294C295/www/brd/m_241/view.do?seq=282601
4772,제2차 장기전세주택2 입주자 모집 공고(2024.08.30. 공고) 당첨자 및 예비입주자 발표,공공주택공급부,2024-12-27,22118,https://www.i-sh.co.kr/main/lay2/program/S1T294C295/www/brd/m_241/view.do?seq=282708
4771,2024년 2차 행복주택 입주자 모집공고 (2024.12.27. 공고),공공주택공급부,2024-12-27,446664,https://www.i-sh.co.kr/main/lay2/program/S1T294C295/www/brd/m_241/view.do?seq=282652
4770,2024년 제3차 보증금지원형 장기안심주택 신규 입주자 모집 공고,맞춤주택공급부,2024-12-27,193220,https://www.i-sh.co.kr/main/lay2/program/S1T294C295/www/brd/m_241/view.do?seq=282371
4769,2024년 2차 청년 매입임대주택 입주자모집공고(2024.12.26.),매입주택공급부,2024-12-26,313962,https://www.i-sh.co.kr/main/lay2/program/S1T294C295/www/brd/m_241/view.do?seq=282650
4768,제46차 장기전세주택 입주자 모집공고 (2024.12.26. 공고),공공주택공급부,2024-12-26,348529,https://www.i-sh.co.kr/main/lay2/program/S1T294C295/www/brd/m_241/view.do?seq=282546
4767,주거복지직 대체인력뱅크 2024-2회차 채용 최종합격자 발표,인사부,2024-12-24,1268,https://www.i-sh.co.kr/main/lay2/program/S1T294C295/www/brd/m_241/view.do?seq=282593
4766,e편한세상 답십리 아르테포레 단지내 상가 분양(입찰) 공고 개찰결과 게시,정비사업지원부,2024-12-24,1140,https://www.i-sh.co.kr/main/lay2/program/S1T294C295/www/brd/m_241/view.do?seq=282581
4765,2024년 3차 청년안심주택(공공임대) 입주자 모집공고(2024. 12. 23.),맞춤주택공급부,2024-12-23,379233,https://www.i-sh.co.kr/main/lay2/program/S1T294C295/www/brd/m_241/view.do?seq=282514
4764,고덕강일지구 단지 내 상가(2·4·6·7·9·11·13·14단지) 및 내곡도시형생활주택 내 상가 분양 입찰 공고,자산운영부,2024-12-23,1661,https://www.i-sh.co.kr/main/lay2/program/S1T294C295/www/brd/m_241/view.do?seq=282453
4763,전산작업에 따른 서비스(휴대폰인증) 이용 안내,시스템운영부,2024-12-23,302,https://www.i-sh.co.kr/main/lay2/program/S1T294C295/www/brd/m_241/view.do?seq=282504
4762,제3차 장기전세주택2(미리내집) 입주자 모집 공고,공공주택공급부,2024-12-20,190171,https://www.i-sh.co.kr/main/lay2/program/S1T294C295/www/brd/m_241/view.do?seq=282426
4761,위례지구 용지분양 공고(업무시설용지 31),분양부,2024-12-20,1584,https://www.i-sh.co.kr/main/lay2/program/S1T294C295/www/brd/m_241/view.do?seq=282425
4760,2024 SH 지속가능경영보고서 발간 용역 입찰공고(SH 전자공고 제2024-444호)에 대한 질의응답 게시,ESG혁신부,2024-12-17,380,https://www.i-sh.co.kr/main/lay2/program/S1T294C295/www/brd/m_241/view.do?seq=282311
4759,주거복지직 대체인력뱅크 상시모집 2024-2회차 면접대상자 발표,인사부,2024-12-16,781,https://www.i-sh.co.kr/main/lay2/program/S1T294C295/www/brd/m_241/view.do?seq=282223
4758,세운4구역 도시정비형 재개발사업 관련 유의사항 안내,세운사업부,2024-12-16,517,https://www.i-sh.co.kr/main/lay2/program/S1T294C295/www/brd/m_241/view.do?seq=282229
4757,"2024년 상반기 일반매입임대(다가구,원룸) 12월(3차) 입주대기자 동호선정 순번 안내",매입주택공급부,2024-12-13,9217,https://www.i-sh.co.kr/main/lay2/program/S1T294C295/www/brd/m_241/view.do?seq=282157
4756,2024년 제2차 기존주택(아파트·신축주택) 매입 추가공고(신혼·신생아Ⅱ) (24.12.13.),주택매입총괄부,2024-12-13,7703,https://www.i-sh.co.kr/main/lay2/program/S1T294C295/www/brd/m_241/view.do?seq=282160
4755,2024년 영구임대주택 예비입주자 모집공고(수정),공공주택공급부,2024-12-13,5925,https://www.i-sh.co.kr/main/lay2/program/S1T294C295/www/brd/m_241/view.do?seq=282087
4754,제1차 장기전세주택2(2024.07.11.공고) 예비 1차 계약결과 게시,공공주택공급부,2024-12-13,11002,https://www.i-sh.co.kr/main/lay2/program/S1T294C295/www/brd/m_241/view.do?seq=282143
4753,어울채(자양1재정비 행복주택) 사용승인서 게시,중랑주거안심종합센터,2024-12-13,213,https://www.i-sh.co.kr/main/lay2/program/S1T294C295/www/brd/m_241/view.do?seq=282156
4752,서울 영등포 공공주택지구 대토보상 공고,보상총괄부,2024-12-12,4843,https://www.i-sh.co.kr/main/lay2/program/S1T294C295/www/brd/m_241/view.do?seq=282112
4751,서울 영등포 공공주택지구 이주대책 등 기준 공고,보상총괄부,2024-12-12,4621,https://www.i-sh.co.kr/main/lay2/program/S1T294C295/www/brd/m_241/view.do?seq=282111
4750,서울주택도시공사 임대료 우리카드 자동납부 업무 중단 안내,수납부,2024-12-11,2470,https://www.i-sh.co.kr/main/lay2/program/S1T294C295/www/brd/m_241/view.do?seq=282083
4749,e편한세상 답십리 아르테포레 단지내 상가 분양(입찰) 공고,정비사업지원부,2024-12-11,1052,https://www.i-sh.co.kr/main/lay2/program/S1T294C295/www/brd/m_241/view.do?seq=282045
4748,주거복지직 대체인력뱅크 상시모집 2024-2회차 채용 안내,인사부,2024-12-10,1533,https://www.i-sh.co.kr/main/lay2/program/S1T294C295/www/brd/m_241/view.do?seq=281874
4747,마천지구 중고등학교용지 선착순 분양 공고,분양부,2024-12-10,1119,https://www.i-sh.co.kr/main/lay2/program/S1T294C295/www/brd/m_241/view.do?seq=281995
4746,전산작업에 따른 서비스 이용 안내,시스템운영부,2024-12-09,358,https://www.i-sh.co.kr/main/lay2/program/S1T294C295/www/brd/m_241/view.do?seq=281891
4745,상봉 동양엔파트 입주안내문 게시(입주종료일: 2025.01.22),중랑주거안심종합센터,2024-12-09,46,https://www.i-sh.co.kr/main/lay2/program/S1T294C295/www/brd/m_241/view.do?seq=281948
4744,2023년 제1차 국민임대주택(2023.6.23.공고) 예비6차 당첨자 및 동호배정 결과,공공주택공급부,2024-12-06,8559,https://www.i-sh.co.kr/main/lay2/program/S1T294C295/www/brd/m_241/view.do?seq=281904
4743,2022년 제1차 국민임대주택(2022.5.20.공고) 예비13차 당첨자 및 동호배정 결과,공공주택공급부,2024-12-06,2970,https://www.i-sh.co.kr/main/lay2/program/S1T294C295/www/brd/m_241/view.do?seq=281902
4742,2025년 중랑.광진주거안심종합센터 희망돌보미 사무지원 참여자 모집 공고,중랑주거안심종합센터,2024-12-03,1563,https://www.i-sh.co.kr/main/lay2/program/S1T294C295/www/brd/m_241/view.do?seq=281765
4741,2025년 광진.중랑주거안심종합센터 희망돌보미 사무지원 참여자 모집 공고,중랑주거안심종합센터,2024-12-02,106,https://www.i-sh.co.kr/main/lay2/program/S1T294C295/www/brd/m_241/view.do?seq=281741
4740,2025년 금천주거안심종합센터 희망돌보미(사무지원) 모집공고,금천주거안심종합센터,2024-12-02,860,https://www.i-sh.co.kr/main/lay2/program/S1T294C295/www/brd/m_241/view.do?seq=281737
4739,2025년 구로주거안심종합센터 희망돌보미(사무지원) 모집공고,구로주거안심종합센터,2024-12-02,67,https://www.i-sh.co.kr/main/lay2/program/S1T294C295/www/brd/m_241/view.do?seq=281725
4738,2025년 희망돌보미(사무지원) 모집공고(강동주거안심종합센터),강동주거안심종합센터,2024-12-02,552,https://www.i-sh.co.kr/main/lay2/program/S1T294C295/www/brd/m_241/view.do?seq=281744
4737,2025년 도봉주거안심종합센터 희망돌보미(사무지원) 채용 공고,도봉주거안심종합센터,2024-12-02,125,https://www.i-sh.co.kr/main/lay2/program/S1T294C295/www/brd/m_241/view.do?seq=281721
4736,2025년 성동주거안심종합센터 희망돌보미(사무지원) 모집공고,성동주거안심종합센터,2024-12-02,296,https://www.i-sh.co.kr/main/lay2/program/S1T294C295/www/brd/m_241/view.do?seq=281704
4735,2025년 은평주거안심종합센터 희망돌보미(사무지원) 모집공고,은평주거안심종합센터,2024-12-02,98,https://www.i-sh.co.kr/main/lay2/program/S1T294C295/www/brd/m_241/view.do?seq=281697
4734,2025년 마포주거안심종합센터 희망돌보미(사무지원) 채용 공고,마포주거안심종합센터,2024-12-02,256,https://www.i-sh.co.kr/main/lay2/program/S1T294C295/www/brd/m_241/view.do?seq=281696
4733,자립준비청년 2024년 하반기 청년 매입임대주택 우선공급 입주자모집 공고(2024. 11. 29.),매입주택공급부,2024-11-29,56537,https://www.i-sh.co.kr/main/lay2/program/S1T294C295/www/brd/m_241/view.do?seq=281608
4732,e편한세상 답십리 아르테포레 단지내 상가 선착순 수의계약 분양 공고 중지 알림,정비사업지원부,2024-11-29,961,https://www.i-sh.co.kr/main/lay2/program/S1T294C295/www/brd/m_241/view.do?seq=281627
4731,홍릉 첨단의료기기 개발센터 및 바이오헬스센터 복합 건립 설계공모 심사위원 명단 공고,근린재생사업부,2024-11-28,606,https://www.i-sh.co.kr/main/lay2/program/S1T294C295/www/brd/m_241/view.do?seq=281592
4730,청량리역롯데캐슬sky-l65 입주안내문 및 생활안내문 게시,동대문주거안심종합센터,2024-11-27,2198,https://www.i-sh.co.kr/main/lay2/program/S1T294C295/www/brd/m_241/view.do?seq=281516
4729,전산작업에 따른 서비스(PASS인증서) 이용 안내,시스템운영부,2024-11-26,224,https://www.i-sh.co.kr/main/lay2/program/S1T294C295/www/brd/m_241/view.do?seq=281498
4728,2024년도 2차 임대상가 재공급 모집공고(2024.11.04.) 당첨자 및 예비 당첨자 발표,자산운영부,2024-11-26,1192,https://www.i-sh.co.kr/main/lay2/program/S1T294C295/www/brd/m_241/view.do?seq=281481
4727,2024년 제43차 장기전세주택(2023.12.27.공고) 예비 2차 계약결과 게시,공공주택공급부,2024-11-26,3240,https://www.i-sh.co.kr/main/lay2/program/S1T294C295/www/brd/m_241/view.do?seq=281480
4726,올림픽파크 포레온 준공인가증 게시,강동주거안심종합센터,2024-11-26,1133,https://www.i-sh.co.kr/main/lay2/program/S1T294C295/www/brd/m_241/view.do?seq=281482
4725,제1차 장기전세주택2(2024.07.11.공고) 예비 1차 입주대상자 발표,공공주택공급부,2024-11-22,10814,https://www.i-sh.co.kr/main/lay2/program/S1T294C295/www/brd/m_241/view.do?seq=281366
4724,2024년 1차 행복주택 입주자모집공고(2024.6.28.공고) 당첨자 및 예비자 발표,공공주택공급부,2024-11-22,28762,https://www.i-sh.co.kr/main/lay2/program/S1T294C295/www/brd/m_241/view.do?seq=281305
4723,2023년 제1차 국민임대주택(2023.6.23.공고) 예비5차 계약결과 게시,공공주택공급부,2024-11-21,5871,https://www.i-sh.co.kr/main/lay2/program/S1T294C295/www/brd/m_241/view.do?seq=281297
4722,제44차 장기전세주택 입주자 모집 공고(2024.6.27. 공고) 당첨자 및 예비입주자 발표,공공주택공급부,2024-11-15,31976,https://www.i-sh.co.kr/main/lay2/program/S1T294C295/www/brd/m_241/view.do?seq=281012
4721,가든파이브 툴동 상가분양 1차공고,가든파이브관리부,2024-11-15,1103,https://www.i-sh.co.kr/main/lay2/program/S1T294C295/www/brd/m_241/view.do?seq=281023
4720,2024년 재개발임대주택 입주자 모집공고(2024.10.11.공고) 서류심사 대상자 발표,공공주택공급부,2024-11-12,30428,https://www.i-sh.co.kr/main/lay2/program/S1T294C295/www/brd/m_241/view.do?seq=280981
4719,전산작업에 따른 서비스 이용 안내,시스템운영부,2024-11-12,744,https://www.i-sh.co.kr/main/lay2/program/S1T294C295/www/brd/m_241/view.do?seq=280994
4718,은평지구 예술마을 조성 민간사업자 공모(재공고) 유찰 안내,도시계획부,2024-11-11,1060,https://www.i-sh.co.kr/main/lay2/program/S1T294C295/www/brd/m_241/view.do?seq=280977
4717,2024년 제1차 국민임대주택 입주자 모집공고(2024.9.26.) 서류심사대상자 발표 및 서류제출 안내,공공주택공급부,2024-11-08,50171,https://www.i-sh.co.kr/main/lay2/program/S1T294C295/www/brd/m_241/view.do?seq=280880
4716,2024년 제1차 국민임대주택 입주자 모집공고 서류심사대상자 발표 지연 안내,공공주택공급부,2024-11-08,21238,https://www.i-sh.co.kr/main/lay2/program/S1T294C295/www/brd/m_241/view.do?seq=280867
4715,2023년 공공·주거환경임대주택(2023.08.11.공고) 예비5차 당첨자 및 동호배정 결과,공공주택공급부,2024-11-08,4214,https://www.i-sh.co.kr/main/lay2/program/S1T294C295/www/brd/m_241/view.do?seq=280796
4714,수서역세권 공공주택지구 훼손지 복구사업 토지 출입 통지,용지보상부,2024-11-07,5003,https://www.i-sh.co.kr/main/lay2/program/S1T294C295/www/brd/m_241/view.do?seq=280826
4713,전산작업에 따른 서비스(가상계좌) 중단 안내,시스템운영부,2024-11-05,1251,https://www.i-sh.co.kr/main/lay2/program/S1T294C295/www/brd/m_241/view.do?seq=280761
4712,‘24년 2차 임대상가 재공급 모집공고(정정),자산운영부,2024-11-04,3055,https://www.i-sh.co.kr/main/lay2/program/S1T294C295/www/brd/m_241/view.do?seq=280617
